Id,Label,num,log(num+1),cate,modularity_class,eigencentrality,clustering,triangles,KatzCentrality,weighted degree,Authority,Hub,Eccentricity,closnesscentrality,harmonicclosnesscentrality,betweenesscentrality
Acinetobacter_albensis,Acinetobacter_albensis,4,0.69897,Bacteria,4,0.013219,0,0,0,4,0.008772,0.001476,6,0.318873,0.328822,19.322289
PT_11621,PT_11621,3,0.60206,Plasmids,4,0.034734,0,0,0,1.336134,0.003877,0.023043,5,0.322624,0.361524,158.690704
PT_3874,PT_3874,48,1.690196,Plasmids,4,0.117356,0,0,0,3.034641,0.013118,0.077959,5,0.444514,0.472113,2237.510838
PT_7714,PT_7714,6,0.845098,Plasmids,4,0.054551,0,0,0,1.119559,0.0061,0.036249,5,0.359738,0.40208,373.411385
PT_997,PT_997,33,1.531479,Plasmids,4,0.110697,0,0,0,1.792443,0.01238,0.073574,5,0.434756,0.464633,1350.629645
Acinetobacter_baumannii,Acinetobacter_baumannii,19194,4.283188,Bacteria,12,0,0,0,0,3.329402,0.664702,0.111851,4,0.527367,0.690159,142545.630395
PT_10,PT_10,103,2.017033,Plasmids,1,0.119879,0,0,0,0.918677,0.013428,0.079796,5,0.430556,0.461244,953.092295
PT_100,PT_100,90,1.959041,Plasmids,7,0.066276,0,0,0,0.617696,0.007423,0.044112,5,0.361929,0.404769,491.757221
PT_10024,PT_10024,9,1,Plasmids,12,0.041623,0,0,0,0.001561,0.004654,0.027658,5,0.345446,0.385951,0
PT_10039,PT_10039,80,1.908485,Plasmids,12,0.041623,0,0,0,0.013877,0.004654,0.027658,5,0.345446,0.385951,0
PT_10059,PT_10059,72,1.863323,Plasmids,3,0.079273,0,0,0,0.267571,0.008858,0.052638,5,0.415501,0.447803,423.734847
PT_10083,PT_10083,49,1.69897,Plasmids,8,0.092994,0,0,0,0.236262,0.010395,0.061772,5,0.427971,0.457737,823.887765
PT_10123,PT_10123,5,0.778151,Plasmids,9,0.08638,0,0,0,1.028148,0.009658,0.057393,5,0.417937,0.45014,404.385174
PT_10124,PT_10124,163,2.214844,Plasmids,12,0.070338,0,0,0,0.045578,0.007887,0.046869,5,0.3565,0.39834,73.6896
PT_10125,PT_10125,81,1.913814,Plasmids,12,0.075315,0,0,0,0.016678,0.008416,0.050013,5,0.412139,0.444764,252.103575
PT_10128,PT_10128,1,0.30103,Plasmids,12,0.041623,0,0,0,0.000173,0.004654,0.027658,5,0.345446,0.385951,0
PT_10189,PT_10189,10,1.041393,Plasmids,12,0.041623,0,0,0,0.001735,0.004654,0.027658,5,0.345446,0.385951,0
PT_10202,PT_10202,10,1.041393,Plasmids,2,0.087683,0,0,0,0.078176,0.009794,0.058202,5,0.426435,0.456101,698.685644
PT_1021,PT_1021,1,0.30103,Plasmids,12,0.041623,0,0,0,0.000173,0.004654,0.027658,5,0.345446,0.385951,0
PT_10226,PT_10226,77,1.892095,Plasmids,5,0.07929,0,0,0,1.224346,0.008859,0.052649,5,0.415017,0.448036,475.729514
PT_10257,PT_10257,1,0.30103,Plasmids,12,0.041623,0,0,0,0.000173,0.004654,0.027658,5,0.345446,0.385951,0
PT_10264,PT_10264,1,0.30103,Plasmids,12,0.041623,0,0,0,0.000173,0.004654,0.027658,5,0.345446,0.385951,0
PT_10272,PT_10272,1,0.30103,Plasmids,12,0.041623,0,0,0,0.000173,0.004654,0.027658,5,0.345446,0.385951,0
PT_10273,PT_10273,1,0.30103,Plasmids,12,0.041623,0,0,0,0.000173,0.004654,0.027658,5,0.345446,0.385951,0
PT_10279,PT_10279,7,0.90309,Plasmids,5,0.081522,0,0,0,2.146179,0.009109,0.05413,5,0.415986,0.449322,632.796033
PT_10280,PT_10280,1,0.30103,Plasmids,12,0.041623,0,0,0,0.000173,0.004654,0.027658,5,0.345446,0.385951,0
PT_10298,PT_10298,287,2.459392,Plasmids,12,0.16042,0,0,0,3.694197,0.017969,0.106785,5,0.4553,0.482281,3247.882904
PT_10315,PT_10315,4,0.69897,Plasmids,12,0.041623,0,0,0,0.000694,0.004654,0.027658,5,0.345446,0.385951,0
PT_1034,PT_1034,1,0.30103,Plasmids,12,0.041623,0,0,0,0.000173,0.004654,0.027658,5,0.345446,0.385951,0
PT_1037,PT_1037,3,0.60206,Plasmids,12,0.041623,0,0,0,0.00052,0.004654,0.027658,5,0.345446,0.385951,0
PT_1039,PT_1039,10,1.041393,Plasmids,8,0.075315,0,0,0,0.020128,0.008416,0.050013,5,0.412139,0.444764,252.103575
PT_10589,PT_10589,3,0.60206,Plasmids,8,0.075315,0,0,0,0.003148,0.008416,0.050013,5,0.412139,0.444764,252.103575
PT_10736,PT_10736,6,0.845098,Plasmids,10,0.079219,0,0,0,0.080418,0.008851,0.052599,5,0.414535,0.447101,369.962517
PT_10898,PT_10898,75,1.880814,Plasmids,6,0.110213,0,0,0,1.811565,0.012343,0.07335,5,0.425418,0.457153,956.844887
PT_10964,PT_10964,9,1,Plasmids,12,0.041623,0,0,0,0.001561,0.004654,0.027658,5,0.345446,0.385951,0
PT_11012,PT_11012,40,1.612784,Plasmids,12,0.058975,0,0,0,0.070909,0.006606,0.03926,5,0.35297,0.394834,90.475212
PT_11058,PT_11058,2,0.477121,Plasmids,12,0.041623,0,0,0,0.000347,0.004654,0.027658,5,0.345446,0.385951,0
PT_11144,PT_11144,1,0.30103,Plasmids,12,0.041623,0,0,0,0.000173,0.004654,0.027658,5,0.345446,0.385951,0
PT_11170,PT_11170,13,1.146128,Plasmids,12,0.041623,0,0,0,0.002255,0.004654,0.027658,5,0.345446,0.385951,0
PT_11261,PT_11261,38,1.591065,Plasmids,7,0.135423,0,0,0,0.858543,0.015172,0.090164,5,0.439039,0.467438,1449.79509
PT_11388,PT_11388,35,1.556303,Plasmids,7,0.13174,0,0,0,0.423919,0.014759,0.087709,5,0.437423,0.465802,973.477701
PT_1171,PT_1171,264,2.423246,Plasmids,11,0.108503,0,0,0,0.325735,0.012151,0.072212,5,0.4239,0.454932,517.553166
PT_1208,PT_1208,10,1.041393,Plasmids,12,0.083423,0,0,0,0.383198,0.009343,0.055522,5,0.376452,0.419261,662.631751
PT_12126,PT_12126,4,0.69897,Plasmids,11,0.046096,0,0,0,0.026161,0.005157,0.030646,5,0.348145,0.389341,51.281159
PT_12140,PT_12140,2,0.477121,Plasmids,12,0.054502,0,0,0,0.008047,0.006103,0.036271,5,0.351578,0.392847,33.496296
PT_12289,PT_12289,5,0.778151,Plasmids,12,0.077414,0,0,0,0.148806,0.008651,0.051412,5,0.413094,0.44605,347.386889
PT_12320,PT_12320,6,0.845098,Plasmids,12,0.041623,0,0,0,0.001041,0.004654,0.027658,5,0.345446,0.385951,0
PT_12409,PT_12409,8,0.954243,Plasmids,2,0.081045,0,0,0,0.060458,0.009056,0.053818,5,0.418427,0.449906,437.423576
PT_12648,PT_12648,1,0.30103,Plasmids,12,0.041623,0,0,0,0.000173,0.004654,0.027658,5,0.345446,0.385951,0
PT_12853,PT_12853,7,0.90309,Plasmids,10,0.079219,0,0,0,0.083219,0.008851,0.052599,5,0.414535,0.447101,369.962517
PT_12898,PT_12898,20,1.322219,Plasmids,10,0.079219,0,0,0,0.090729,0.008851,0.052599,5,0.414535,0.447101,369.962517
PT_129,PT_129,1,0.30103,Plasmids,12,0.041623,0,0,0,0.000173,0.004654,0.027658,5,0.345446,0.385951,0
PT_12904,PT_12904,51,1.716003,Plasmids,12,0.05746,0,0,0,0.01845,0.006438,0.038256,5,0.352621,0.393899,35.987738
PT_12973,PT_12973,3,0.60206,Plasmids,8,0.075315,0,0,0,0.005776,0.008416,0.050013,5,0.412139,0.444764,252.103575
PT_13129,PT_13129,29,1.477121,Plasmids,4,0.124196,0,0,0,1.24909,0.013908,0.082653,5,0.436887,0.466036,1433.024751
PT_13203,PT_13203,10,1.041393,Plasmids,5,0.088935,0,0,0,1.229235,0.009942,0.059083,5,0.420401,0.452478,666.295923
PT_13207,PT_13207,1,0.30103,Plasmids,12,0.041623,0,0,0,0.000173,0.004654,0.027658,5,0.345446,0.385951,0
PT_13219,PT_13219,19,1.30103,Plasmids,1,0.076209,0,0,0,0.508378,0.008516,0.050608,5,0.412616,0.445699,370.006622
PT_13229,PT_13229,4,0.69897,Plasmids,1,0.050187,0,0,0,0.0429,0.005615,0.033367,5,0.351925,0.393198,56.633381
PT_13397,PT_13397,207,2.318063,Plasmids,6,0.059695,0,0,0,1.232979,0.006687,0.039738,5,0.35332,0.395769,180.295302
PT_13398,PT_13398,7,0.90309,Plasmids,12,0.041623,0,0,0,0.001214,0.004654,0.027658,5,0.345446,0.385951,0
PT_13409,PT_13409,94,1.977724,Plasmids,7,0.051777,0,0,0,0.4004,0.005793,0.034428,5,0.35332,0.395769,905.61647
PT_13410,PT_13410,18,1.278754,Plasmids,12,0.088194,0,0,0,0.013451,0.009865,0.058626,5,0.416959,0.448855,324.119873
PT_13458,PT_13458,1,0.30103,Plasmids,12,0.041623,0,0,0,0.000173,0.004654,0.027658,5,0.345446,0.385951,0
PT_13497,PT_13497,9,1,Plasmids,12,0.041623,0,0,0,0.001561,0.004654,0.027658,5,0.345446,0.385951,0
PT_13499,PT_13499,4,0.69897,Plasmids,10,0.077593,0,0,0,0.130776,0.008669,0.051515,5,0.417447,0.449205,601.621004
PT_13500,PT_13500,4,0.69897,Plasmids,10,0.077612,0,0,0,0.169815,0.008672,0.051534,5,0.414053,0.446751,392.161222
PT_13521,PT_13521,207,2.318063,Plasmids,12,0.075315,0,0,0,0.038534,0.008416,0.050013,5,0.412139,0.444764,252.103575
PT_1364,PT_1364,4,0.69897,Plasmids,7,0.084406,0,0,0,0.052975,0.009437,0.05608,5,0.417447,0.449205,347.965886
PT_13645,PT_13645,1,0.30103,Plasmids,12,0.041623,0,0,0,0.000173,0.004654,0.027658,5,0.345446,0.385951,0
PT_1365,PT_1365,32,1.518514,Plasmids,2,0.098423,0,0,0,0.040284,0.011017,0.065468,5,0.421893,0.452945,405.679195
PT_1367,PT_1367,16,1.230449,Plasmids,12,0.054502,0,0,0,0.010476,0.006103,0.036271,5,0.351578,0.392847,33.496296
PT_1369,PT_1369,19,1.30103,Plasmids,12,0.041623,0,0,0,0.003296,0.004654,0.027658,5,0.345446,0.385951,0
PT_1388,PT_1388,28,1.462398,Plasmids,7,0.098425,0,0,0,0.568235,0.011011,0.065433,5,0.426435,0.45727,815.725279
PT_1389,PT_1389,70,1.851258,Plasmids,10,0.089666,0,0,0,0.527542,0.010012,0.0595,5,0.430036,0.45914,986.303855
PT_13939,PT_13939,22,1.361728,Plasmids,12,0.041623,0,0,0,0.003816,0.004654,0.027658,5,0.345446,0.385951,0
PT_14070,PT_14070,6,0.845098,Plasmids,12,0.041623,0,0,0,0.001041,0.004654,0.027658,5,0.345446,0.385951,0
PT_14191,PT_14191,25,1.414973,Plasmids,3,0.054145,0,0,0,0.275266,0.006056,0.035992,5,0.357932,0.399416,181.252033
PT_14225,PT_14225,15,1.20412,Plasmids,6,0.091871,0,0,0,1.048725,0.01028,0.061089,5,0.418919,0.450842,482.458351
PT_14321,PT_14321,3,0.60206,Plasmids,12,0.041623,0,0,0,0.00052,0.004654,0.027658,5,0.345446,0.385951,0
PT_14788,PT_14788,4,0.69897,Plasmids,12,0.041623,0,0,0,0.000694,0.004654,0.027658,5,0.345446,0.385951,0
PT_1480,PT_1480,9,1,Plasmids,8,0.085704,0,0,0,0.072096,0.009573,0.056892,5,0.421395,0.452595,560.682207
PT_1481,PT_1481,12,1.113943,Plasmids,10,0.087782,0,0,0,0.113073,0.009812,0.058308,5,0.419906,0.451543,482.048567
PT_14930,PT_14930,1,0.30103,Plasmids,12,0.041623,0,0,0,0.000173,0.004654,0.027658,5,0.345446,0.385951,0
PT_15004,PT_15004,3,0.60206,Plasmids,12,0.041623,0,0,0,0.00052,0.004654,0.027658,5,0.345446,0.385951,0
PT_15014,PT_15014,11,1.079181,Plasmids,10,0.059738,0,0,0,0.285173,0.00669,0.039758,5,0.357932,0.399743,292.177818
PT_15022,PT_15022,13,1.146128,Plasmids,12,0.113939,0,0,0,0.516892,0.012757,0.075812,5,0.434227,0.463114,1366.408132
PT_15068,PT_15068,40,1.612784,Plasmids,3,0.045582,0,0,0,0.256765,0.005096,0.030283,5,0.351578,0.39252,112.613464
PT_15304,PT_15304,6,0.845098,Plasmids,10,0.087452,0,0,0,0.100224,0.009776,0.058095,5,0.421893,0.452945,511.213821
PT_1545,PT_1545,1,0.30103,Plasmids,12,0.041623,0,0,0,0.000173,0.004654,0.027658,5,0.345446,0.385951,0
PT_15563,PT_15563,24,1.39794,Plasmids,1,0.063042,0,0,0,0.274276,0.007058,0.041944,5,0.360101,0.402431,201.793734
PT_15643,PT_15643,6,0.845098,Plasmids,10,0.097333,0,0,0,0.210046,0.010887,0.064699,5,0.426435,0.456685,860.093617
PT_1572,PT_1572,1,0.30103,Plasmids,12,0.041623,0,0,0,0.000173,0.004654,0.027658,5,0.345446,0.385951,0
PT_1675,PT_1675,59,1.778151,Plasmids,8,0.079067,0,0,0,0.461212,0.008836,0.052508,5,0.413573,0.4464,318.054199
PT_16864,PT_16864,4,0.69897,Plasmids,8,0.06114,0,0,0,0.025765,0.006841,0.040655,5,0.364147,0.405704,221.329404
PT_16924,PT_16924,6,0.845098,Plasmids,12,0.041623,0,0,0,0.001041,0.004654,0.027658,5,0.345446,0.385951,0
PT_16946,PT_16946,4,0.69897,Plasmids,8,0.075315,0,0,0,0.003322,0.008416,0.050013,5,0.412139,0.444764,252.103575
PT_17056,PT_17056,2,0.477121,Plasmids,12,0.041623,0,0,0,0.000347,0.004654,0.027658,5,0.345446,0.385951,0
PT_17081,PT_17081,3,0.60206,Plasmids,12,0.041623,0,0,0,0.00052,0.004654,0.027658,5,0.345446,0.385951,0
PT_17099,PT_17099,5,0.778151,Plasmids,1,0.068901,0,0,0,0.109971,0.007719,0.045872,5,0.362297,0.404208,207.685102
PT_17379,PT_17379,2,0.477121,Plasmids,12,0.041623,0,0,0,0.000347,0.004654,0.027658,5,0.345446,0.385951,0
PT_1748,PT_1748,19,1.30103,Plasmids,3,0.096076,0,0,0,0.503527,0.010737,0.06381,5,0.428486,0.458672,883.223198
PT_1788,PT_1788,12,1.113943,Plasmids,12,0.111302,0,0,0,0.066892,0.012466,0.074081,5,0.424911,0.455633,487.904381
PT_17976,PT_17976,15,1.20412,Plasmids,10,0.046489,0,0,0,0.05506,0.005197,0.030883,5,0.352621,0.393899,115.527721
PT_1801,PT_1801,2,0.477121,Plasmids,12,0.041623,0,0,0,0.000347,0.004654,0.027658,5,0.345446,0.385951,0
PT_1819,PT_1819,3,0.60206,Plasmids,12,0.041623,0,0,0,0.00052,0.004654,0.027658,5,0.345446,0.385951,0
PT_1900,PT_1900,2255,3.353339,Plasmids,12,0.108503,0,0,0,0.617907,0.012151,0.072212,5,0.4239,0.454932,517.553166
PT_1901,PT_1901,13,1.146128,Plasmids,0,0.053465,0,0,0,1.100533,0.005985,0.035565,5,0.35297,0.395418,812.38769
PT_19262,PT_19262,5,0.778151,Plasmids,7,0.047206,0,0,0,0.026335,0.00528,0.031379,5,0.349853,0.391094,81.075784
PT_19438,PT_19438,9,1,Plasmids,9,0.04611,0,0,0,0.451214,0.005158,0.03065,5,0.346453,0.388172,74.573848
PT_19470,PT_19470,1,0.30103,Plasmids,12,0.041623,0,0,0,0.000173,0.004654,0.027658,5,0.345446,0.385951,0
PT_19550,PT_19550,85,1.934498,Plasmids,1,0.104187,0,0,0,0.089847,0.011663,0.069308,5,0.425418,0.455984,550.233584
PT_19629,PT_19629,1,0.30103,Plasmids,12,0.041623,0,0,0,0.000173,0.004654,0.027658,5,0.345446,0.385951,0
PT_20218,PT_20218,9,1,Plasmids,12,0.041623,0,0,0,0.001561,0.004654,0.027658,5,0.345446,0.385951,0
PT_20853,PT_20853,43,1.643453,Plasmids,1,0.050187,0,0,0,0.366212,0.005615,0.033367,5,0.351925,0.393198,56.633381
PT_2115,PT_2115,28,1.462398,Plasmids,12,0.05746,0,0,0,0.019262,0.006438,0.038256,5,0.352621,0.393899,35.987738
PT_21158,PT_21158,14,1.176091,Plasmids,12,0.10403,0,0,0,0.017558,0.011649,0.069224,5,0.421893,0.452945,401.084839
PT_2116,PT_2116,162,2.212188,Plasmids,12,0.108503,0,0,0,0.137371,0.012151,0.072212,5,0.4239,0.454932,517.553166
PT_2181,PT_2181,769,2.886491,Plasmids,12,0.094569,0,0,0,0.343275,0.010583,0.062893,5,0.418919,0.450842,361.438771
PT_21872,PT_21872,24,1.39794,Plasmids,11,0.046096,0,0,0,0.029631,0.005157,0.030646,5,0.348145,0.389341,51.281159
PT_21881,PT_21881,1,0.30103,Plasmids,12,0.041623,0,0,0,0.000173,0.004654,0.027658,5,0.345446,0.385951,0
PT_2230,PT_2230,3,0.60206,Plasmids,10,0.043902,0,0,0,0.125347,0.004907,0.02916,5,0.350886,0.392146,220.002095
PT_2317,PT_2317,2,0.477121,Plasmids,12,0.041623,0,0,0,0.000347,0.004654,0.027658,5,0.345446,0.385951,0
PT_23218,PT_23218,12,1.113943,Plasmids,12,0.10403,0,0,0,0.026815,0.011649,0.069224,5,0.421893,0.452945,401.084839
PT_23914,PT_23914,6,0.845098,Plasmids,12,0.070338,0,0,0,0.028944,0.007887,0.046869,5,0.3565,0.39834,73.6896
PT_24656,PT_24656,6,0.845098,Plasmids,12,0.059559,0,0,0,0.158129,0.006673,0.039655,5,0.35332,0.395185,97.8757
PT_25140,PT_25140,3,0.60206,Plasmids,12,0.041623,0,0,0,0.00052,0.004654,0.027658,5,0.345446,0.385951,0
PT_25194,PT_25194,1,0.30103,Plasmids,12,0.041623,0,0,0,0.000173,0.004654,0.027658,5,0.345446,0.385951,0
PT_2638,PT_2638,2,0.477121,Plasmids,8,0.075315,0,0,0,0.002975,0.008416,0.050013,5,0.412139,0.444764,252.103575
PT_2742,PT_2742,400,2.603144,Plasmids,12,0.041623,0,0,0,0.069384,0.004654,0.027658,5,0.345446,0.385951,0
PT_2751,PT_2751,49,1.69897,Plasmids,12,0.041623,0,0,0,0.0085,0.004654,0.027658,5,0.345446,0.385951,0
PT_2767,PT_2767,21,1.342423,Plasmids,3,0.061418,0,0,0,0.287081,0.006879,0.040881,5,0.358652,0.400117,165.842931
PT_28,PT_28,3,0.60206,Plasmids,12,0.041623,0,0,0,0.00052,0.004654,0.027658,5,0.345446,0.385951,0
PT_299,PT_299,257,2.41162,Plasmids,13,0.120167,0,0,0,1.279514,0.013447,0.079912,5,0.437423,0.465802,1200.79682
PT_3038,PT_3038,184,2.267172,Plasmids,6,0.122199,0,0,0,1.349443,0.013678,0.081287,5,0.439039,0.467438,1368.404274
PT_3057,PT_3057,302,2.481443,Plasmids,12,0.128013,0,0,0,2.88096,0.014339,0.085215,5,0.435819,0.465919,1354.76517
PT_3148,PT_3148,21,1.342423,Plasmids,8,0.092887,0,0,0,0.604976,0.010374,0.061647,5,0.430556,0.460075,1084.433538
PT_320,PT_320,1,0.30103,Plasmids,12,0.041623,0,0,0,0.000173,0.004654,0.027658,5,0.345446,0.385951,0
PT_323,PT_323,16,1.230449,Plasmids,4,0.121422,0,0,0,0.651473,0.0136,0.080823,5,0.429518,0.460542,1045.506966
PT_3266,PT_3266,1,0.30103,Plasmids,12,0.041623,0,0,0,0.000173,0.004654,0.027658,5,0.345446,0.385951,0
PT_3279,PT_3279,6,0.845098,Plasmids,2,0.048896,0,0,0,0.02309,0.005471,0.032515,5,0.350196,0.391445,43.58841
PT_334,PT_334,27,1.447158,Plasmids,8,0.048261,0,0,0,0.022054,0.005392,0.032042,5,0.357573,0.398808,160.50771
PT_335,PT_335,24,1.39794,Plasmids,12,0.041623,0,0,0,0.004163,0.004654,0.027658,5,0.345446,0.385951,0
PT_3420,PT_3420,172,2.238046,Plasmids,12,0.054502,0,0,0,0.037536,0.006103,0.036271,5,0.351578,0.392847,33.496296
PT_3495,PT_3495,6,0.845098,Plasmids,12,0.041623,0,0,0,0.001041,0.004654,0.027658,5,0.345446,0.385951,0
PT_3510,PT_3510,1,0.30103,Plasmids,12,0.041623,0,0,0,0.000173,0.004654,0.027658,5,0.345446,0.385951,0
PT_3511,PT_3511,4,0.69897,Plasmids,12,0.041623,0,0,0,0.000694,0.004654,0.027658,5,0.345446,0.385951,0
PT_3545,PT_3545,1,0.30103,Plasmids,12,0.041623,0,0,0,0.000173,0.004654,0.027658,5,0.345446,0.385951,0
PT_3546,PT_3546,1,0.30103,Plasmids,12,0.041623,0,0,0,0.000173,0.004654,0.027658,5,0.345446,0.385951,0
PT_3586,PT_3586,6,0.845098,Plasmids,12,0.041623,0,0,0,0.001041,0.004654,0.027658,5,0.345446,0.385951,0
PT_3758,PT_3758,8,0.954243,Plasmids,12,0.091151,0,0,0,0.008817,0.010199,0.060611,5,0.418427,0.449906,324.862976
PT_381,PT_381,15,1.20412,Plasmids,12,0.041623,0,0,0,0.002602,0.004654,0.027658,5,0.345446,0.385951,0
PT_385,PT_385,31,1.50515,Plasmids,7,0.05577,0,0,0,0.459429,0.006241,0.037087,5,0.3565,0.39834,147.623279
PT_39,PT_39,2,0.477121,Plasmids,7,0.050714,0,0,0,0.025173,0.005675,0.033726,5,0.352273,0.393221,58.869865
PT_3905,PT_3905,11,1.079181,Plasmids,7,0.084406,0,0,0,0.086898,0.009437,0.05608,5,0.417447,0.449205,347.965886
PT_393,PT_393,93,1.973128,Plasmids,8,0.081953,0,0,0,0.044013,0.009153,0.054396,5,0.420401,0.451309,488.393091
PT_3992,PT_3992,10,1.041393,Plasmids,7,0.050714,0,0,0,0.026561,0.005675,0.033726,5,0.352273,0.393221,58.869865
PT_4076,PT_4076,6,0.845098,Plasmids,1,0.051015,0,0,0,0.08189,0.005704,0.033896,5,0.357214,0.399042,281.574247
PT_4180,PT_4180,1,0.30103,Plasmids,12,0.041623,0,0,0,0.000173,0.004654,0.027658,5,0.345446,0.385951,0
PT_4181,PT_4181,3,0.60206,Plasmids,12,0.041623,0,0,0,0.00052,0.004654,0.027658,5,0.345446,0.385951,0
PT_4224,PT_4224,13,1.146128,Plasmids,6,0.042554,0,0,0,0.335415,0.004758,0.028275,5,0.34679,0.387938,79.105484
PT_4389,PT_4389,21,1.342423,Plasmids,10,0.112134,0,0,0,0.464937,0.012547,0.074562,5,0.435287,0.463815,935.995068
PT_4413,PT_4413,1,0.30103,Plasmids,12,0.041623,0,0,0,0.000173,0.004654,0.027658,5,0.345446,0.385951,0
PT_4416,PT_4416,40,1.612784,Plasmids,3,0.172468,0,0,0,2.564302,0.019307,0.114734,5,0.47344,0.4928,3988.612108
PT_4417,PT_4417,4,0.69897,Plasmids,7,0.080898,0,0,0,0.028789,0.009042,0.053733,5,0.416959,0.448855,400.180077
PT_442,PT_442,10,1.041393,Plasmids,12,0.041623,0,0,0,0.001735,0.004654,0.027658,5,0.345446,0.385951,0
PT_444,PT_444,4,0.69897,Plasmids,12,0.05746,0,0,0,0.005496,0.006438,0.038256,5,0.352621,0.393899,35.987738
PT_447,PT_447,1786,3.252125,Plasmids,12,0.075315,0,0,0,0.317684,0.008416,0.050013,5,0.412139,0.444764,252.103575
PT_463,PT_463,46,1.672098,Plasmids,12,0.041623,0,0,0,0.007979,0.004654,0.027658,5,0.345446,0.385951,0
PT_464,PT_464,10,1.041393,Plasmids,12,0.041623,0,0,0,0.001735,0.004654,0.027658,5,0.345446,0.385951,0
PT_465,PT_465,3,0.60206,Plasmids,12,0.041623,0,0,0,0.00052,0.004654,0.027658,5,0.345446,0.385951,0
PT_4707,PT_4707,333,2.523746,Plasmids,12,0.070338,0,0,0,0.105868,0.007887,0.046869,5,0.3565,0.39834,73.6896
PT_480,PT_480,39,1.60206,Plasmids,12,0.041623,0,0,0,0.006765,0.004654,0.027658,5,0.345446,0.385951,0
PT_481,PT_481,291,2.465383,Plasmids,8,0.102705,0,0,0,0.58519,0.011487,0.068265,5,0.429001,0.459023,898.361556
PT_4830,PT_4830,2,0.477121,Plasmids,12,0.041623,0,0,0,0.000347,0.004654,0.027658,5,0.345446,0.385951,0
PT_4839,PT_4839,15,1.20412,Plasmids,12,0.041623,0,0,0,0.002602,0.004654,0.027658,5,0.345446,0.385951,0
PT_4841,PT_4841,7,0.90309,Plasmids,12,0.041623,0,0,0,0.001214,0.004654,0.027658,5,0.345446,0.385951,0
PT_486,PT_486,1,0.30103,Plasmids,12,0.041623,0,0,0,0.000173,0.004654,0.027658,5,0.345446,0.385951,0
PT_4992,PT_4992,357,2.553883,Plasmids,12,0.041623,0,0,0,0.061925,0.004654,0.027658,5,0.345446,0.385951,0
PT_503,PT_503,5,0.778151,Plasmids,12,0.041623,0,0,0,0.000867,0.004654,0.027658,5,0.345446,0.385951,0
PT_5063,PT_5063,9,1,Plasmids,2,0.064732,0,0,0,0.069667,0.007255,0.043113,5,0.355788,0.397639,84.518805
PT_5090,PT_5090,7,0.90309,Plasmids,12,0.054502,0,0,0,0.016615,0.006103,0.036271,5,0.351578,0.392847,33.496296
PT_5383,PT_5383,129,2.113943,Plasmids,9,0.163724,0,0,0,7.102735,0.01833,0.108927,5,0.46,0.48684,4003.434441
PT_5532,PT_5532,13,1.146128,Plasmids,3,0.083025,0,0,0,0.29999,0.009277,0.055133,5,0.416959,0.449439,497.527943
PT_5545,PT_5545,4,0.69897,Plasmids,12,0.041623,0,0,0,0.000694,0.004654,0.027658,5,0.345446,0.385951,0
PT_5558,PT_5558,1,0.30103,Plasmids,12,0.041623,0,0,0,0.000173,0.004654,0.027658,5,0.345446,0.385951,0
PT_5711,PT_5711,21,1.342423,Plasmids,7,0.097285,0,0,0,0.054199,0.010886,0.064693,5,0.422393,0.453296,428.694998
PT_578,PT_578,1,0.30103,Plasmids,12,0.041623,0,0,0,0.000173,0.004654,0.027658,5,0.345446,0.385951,0
PT_5794,PT_5794,2,0.477121,Plasmids,12,0.041623,0,0,0,0.000347,0.004654,0.027658,5,0.345446,0.385951,0
PT_582,PT_582,10,1.041393,Plasmids,12,0.041623,0,0,0,0.001735,0.004654,0.027658,5,0.345446,0.385951,0
PT_5827,PT_5827,4,0.69897,Plasmids,12,0.041623,0,0,0,0.000694,0.004654,0.027658,5,0.345446,0.385951,0
PT_5893,PT_5893,15,1.20412,Plasmids,12,0.041623,0,0,0,0.002602,0.004654,0.027658,5,0.345446,0.385951,0
PT_5914,PT_5914,200,2.303196,Plasmids,5,0.169719,0,0,0,5.899991,0.01899,0.112851,5,0.471561,0.494086,4302.238442
PT_5917,PT_5917,141,2.152288,Plasmids,10,0.133145,0,0,0,1.082868,0.014907,0.088589,5,0.44396,0.471178,1485.32821
PT_5918,PT_5918,57,1.763428,Plasmids,13,0.121253,0,0,0,1.214416,0.013559,0.080579,5,0.447864,0.473633,1969.011607
PT_6008,PT_6008,56,1.755875,Plasmids,12,0.041623,0,0,0,0.009714,0.004654,0.027658,5,0.345446,0.385951,0
PT_6030,PT_6030,7,0.90309,Plasmids,12,0.041623,0,0,0,0.001214,0.004654,0.027658,5,0.345446,0.385951,0
PT_6095,PT_6095,4,0.69897,Plasmids,8,0.048261,0,0,0,0.018064,0.005392,0.032042,5,0.357573,0.398808,160.50771
PT_6109,PT_6109,1,0.30103,Plasmids,12,0.041623,0,0,0,0.000173,0.004654,0.027658,5,0.345446,0.385951,0
PT_6168,PT_6168,18,1.278754,Plasmids,12,0.041623,0,0,0,0.003122,0.004654,0.027658,5,0.345446,0.385951,0
PT_6179,PT_6179,5,0.778151,Plasmids,12,0.088194,0,0,0,0.013823,0.009865,0.058626,5,0.416959,0.448855,324.119873
PT_6244,PT_6244,8,0.954243,Plasmids,10,0.09916,0,0,0,0.184831,0.011092,0.065918,5,0.430556,0.45949,940.201313
PT_6395,PT_6395,1085,3.03583,Plasmids,12,0.075315,0,0,0,0.190832,0.008416,0.050013,5,0.412139,0.444764,252.103575
PT_6406,PT_6406,4,0.69897,Plasmids,1,0.079124,0,0,0,0.061331,0.008839,0.05253,5,0.418919,0.450257,532.7685
PT_6427,PT_6427,1,0.30103,Plasmids,12,0.041623,0,0,0,0.000173,0.004654,0.027658,5,0.345446,0.385951,0
PT_6428,PT_6428,12,1.113943,Plasmids,12,0.041623,0,0,0,0.002082,0.004654,0.027658,5,0.345446,0.385951,0
PT_6435,PT_6435,2,0.477121,Plasmids,12,0.041623,0,0,0,0.000347,0.004654,0.027658,5,0.345446,0.385951,0
PT_6436,PT_6436,1,0.30103,Plasmids,12,0.041623,0,0,0,0.000173,0.004654,0.027658,5,0.345446,0.385951,0
PT_6477,PT_6477,29,1.477121,Plasmids,1,0.046931,0,0,0,0.158183,0.005249,0.031192,5,0.349853,0.391094,86.439268
PT_6496,PT_6496,1,0.30103,Plasmids,12,0.041623,0,0,0,0.000173,0.004654,0.027658,5,0.345446,0.385951,0
PT_6499,PT_6499,1,0.30103,Plasmids,12,0.041623,0,0,0,0.000173,0.004654,0.027658,5,0.345446,0.385951,0
PT_6502,PT_6502,97,1.991226,Plasmids,11,0.076064,0,0,0,0.521908,0.008498,0.050503,5,0.413094,0.44605,445.883385
PT_6507,PT_6507,9,1,Plasmids,2,0.079666,0,0,0,1.297266,0.008901,0.052899,5,0.414535,0.447686,534.692374
PT_6549,PT_6549,1,0.30103,Plasmids,12,0.041623,0,0,0,0.000173,0.004654,0.027658,5,0.345446,0.385951,0
PT_6604,PT_6604,231,2.365488,Plasmids,13,0.189566,0,0,0,8.787795,0.021216,0.126082,4,0.485034,0.504792,7429.334652
PT_6626,PT_6626,121,2.08636,Plasmids,12,0.07814,0,0,0,0.372281,0.008755,0.052029,5,0.370197,0.412482,445.90815
PT_6670,PT_6670,18,1.278754,Plasmids,12,0.041623,0,0,0,0.003122,0.004654,0.027658,5,0.345446,0.385951,0
PT_6677,PT_6677,1,0.30103,Plasmids,12,0.041623,0,0,0,0.000173,0.004654,0.027658,5,0.345446,0.385951,0
PT_6703,PT_6703,1,0.30103,Plasmids,12,0.041623,0,0,0,0.000173,0.004654,0.027658,5,0.345446,0.385951,0
PT_6740,PT_6740,1544,3.188928,Plasmids,12,0.112767,0,0,0,0.480696,0.012622,0.075007,5,0.431598,0.460776,823.126395
PT_6753,PT_6753,5,0.778151,Plasmids,12,0.041623,0,0,0,0.000867,0.004654,0.027658,5,0.345446,0.385951,0
PT_6791,PT_6791,16,1.230449,Plasmids,11,0.112318,0,0,0,1.062776,0.012573,0.07472,5,0.430556,0.461244,969.962875
PT_6792,PT_6792,15,1.20412,Plasmids,12,0.114285,0,0,0,0.279442,0.0128,0.076067,5,0.427971,0.458322,744.047425
PT_6793,PT_6793,21,1.342423,Plasmids,1,0.12576,0,0,0,0.653317,0.01409,0.083732,5,0.432121,0.462295,903.856624
PT_6794,PT_6794,2,0.477121,Plasmids,12,0.05746,0,0,0,0.005149,0.006438,0.038256,5,0.352621,0.393899,35.987738
PT_6821,PT_6821,1,0.30103,Plasmids,12,0.041623,0,0,0,0.000173,0.004654,0.027658,5,0.345446,0.385951,0
PT_6842,PT_6842,3,0.60206,Plasmids,8,0.075315,0,0,0,0.003148,0.008416,0.050013,5,0.412139,0.444764,252.103575
PT_6894,PT_6894,2,0.477121,Plasmids,12,0.041623,0,0,0,0.000347,0.004654,0.027658,5,0.345446,0.385951,0
PT_6910,PT_6910,32,1.518514,Plasmids,12,0.041623,0,0,0,0.005551,0.004654,0.027658,5,0.345446,0.385951,0
PT_6919,PT_6919,5,0.778151,Plasmids,10,0.086491,0,0,0,0.104921,0.009668,0.057456,5,0.418919,0.450842,456.19128
PT_6934,PT_6934,1,0.30103,Plasmids,12,0.041623,0,0,0,0.000173,0.004654,0.027658,5,0.345446,0.385951,0
PT_6939,PT_6939,6,0.845098,Plasmids,12,0.041623,0,0,0,0.001041,0.004654,0.027658,5,0.345446,0.385951,0
PT_6947,PT_6947,3,0.60206,Plasmids,12,0.054502,0,0,0,0.008221,0.006103,0.036271,5,0.351578,0.392847,33.496296
PT_6955,PT_6955,1,0.30103,Plasmids,12,0.041623,0,0,0,0.000173,0.004654,0.027658,5,0.345446,0.385951,0
PT_6959,PT_6959,6,0.845098,Plasmids,12,0.041623,0,0,0,0.001041,0.004654,0.027658,5,0.345446,0.385951,0
PT_696,PT_696,1,0.30103,Plasmids,12,0.041623,0,0,0,0.000173,0.004654,0.027658,5,0.345446,0.385951,0
PT_6980,PT_6980,215,2.334454,Plasmids,12,0.118036,0,0,0,0.32716,0.01322,0.078562,5,0.429518,0.459958,836.964246
PT_6985,PT_6985,28,1.462398,Plasmids,12,0.041623,0,0,0,0.004857,0.004654,0.027658,5,0.345446,0.385951,0
PT_7014,PT_7014,79,1.90309,Plasmids,12,0.041623,0,0,0,0.013703,0.004654,0.027658,5,0.345446,0.385951,0
PT_7022,PT_7022,58,1.770852,Plasmids,12,0.075315,0,0,0,0.012688,0.008416,0.050013,5,0.412139,0.444764,252.103575
PT_7036,PT_7036,3,0.60206,Plasmids,12,0.041623,0,0,0,0.00052,0.004654,0.027658,5,0.345446,0.385951,0
PT_7051,PT_7051,4,0.69897,Plasmids,12,0.041623,0,0,0,0.000694,0.004654,0.027658,5,0.345446,0.385951,0
PT_7078,PT_7078,2,0.477121,Plasmids,12,0.041623,0,0,0,0.000347,0.004654,0.027658,5,0.345446,0.385951,0
PT_7080,PT_7080,2,0.477121,Plasmids,12,0.041623,0,0,0,0.000347,0.004654,0.027658,5,0.345446,0.385951,0
PT_7118,PT_7118,12,1.113943,Plasmids,7,0.06655,0,0,0,0.03171,0.007458,0.044324,5,0.359013,0.400468,103.262062
PT_712,PT_712,106,2.029384,Plasmids,13,0.171782,0,0,0,7.254789,0.019232,0.114288,4,0.472185,0.494857,6889.993055
PT_7127,PT_7127,141,2.152288,Plasmids,7,0.133507,0,0,0,1.647663,0.014956,0.08888,5,0.439581,0.468957,1967.962356
PT_7133,PT_7133,9,1,Plasmids,10,0.085857,0,0,0,0.12619,0.009589,0.056983,5,0.422894,0.453647,626.405957
PT_7134,PT_7134,15,1.20412,Plasmids,10,0.11702,0,0,0,0.56505,0.013091,0.077796,5,0.440667,0.467906,1499.477001
PT_7185,PT_7185,12,1.113943,Plasmids,12,0.041623,0,0,0,0.002082,0.004654,0.027658,5,0.345446,0.385951,0
PT_7195,PT_7195,4,0.69897,Plasmids,12,0.041623,0,0,0,0.000694,0.004654,0.027658,5,0.345446,0.385951,0
PT_7245,PT_7245,257,2.41162,Plasmids,11,0.133457,0,0,0,1.288478,0.014948,0.088832,5,0.437961,0.467321,1341.763959
PT_7261,PT_7261,2,0.477121,Plasmids,12,0.041623,0,0,0,0.000347,0.004654,0.027658,5,0.345446,0.385951,0
PT_7271,PT_7271,15,1.20412,Plasmids,12,0.070338,0,0,0,0.053517,0.007887,0.046869,5,0.3565,0.39834,73.6896
PT_7280,PT_7280,3,0.60206,Plasmids,12,0.041623,0,0,0,0.00052,0.004654,0.027658,5,0.345446,0.385951,0
PT_7307,PT_7307,1,0.30103,Plasmids,12,0.041623,0,0,0,0.000173,0.004654,0.027658,5,0.345446,0.385951,0
PT_7341,PT_7341,5,0.778151,Plasmids,1,0.089186,0,0,0,0.083989,0.009971,0.059255,5,0.421395,0.452595,506.488119
PT_7450,PT_7450,5,0.778151,Plasmids,8,0.075315,0,0,0,0.003495,0.008416,0.050013,5,0.412139,0.444764,252.103575
PT_7548,PT_7548,22,1.361728,Plasmids,12,0.10403,0,0,0,0.105376,0.011649,0.069224,5,0.421893,0.452945,401.084839
PT_7560,PT_7560,1,0.30103,Plasmids,12,0.041623,0,0,0,0.000173,0.004654,0.027658,5,0.345446,0.385951,0
PT_7569,PT_7569,5,0.778151,Plasmids,12,0.05746,0,0,0,0.005669,0.006438,0.038256,5,0.352621,0.393899,35.987738
PT_7607,PT_7607,59,1.778151,Plasmids,9,0.104914,0,0,0,3.80725,0.011728,0.069696,5,0.433171,0.464165,1618.424305
PT_7618,PT_7618,26,1.431364,Plasmids,12,0.041623,0,0,0,0.00451,0.004654,0.027658,5,0.345446,0.385951,0
PT_7643,PT_7643,7,0.90309,Plasmids,12,0.041623,0,0,0,0.001214,0.004654,0.027658,5,0.345446,0.385951,0
PT_7706,PT_7706,24,1.39794,Plasmids,12,0.10403,0,0,0,0.078817,0.011649,0.069224,5,0.421893,0.452945,401.084839
PT_7716,PT_7716,1,0.30103,Plasmids,12,0.041623,0,0,0,0.000173,0.004654,0.027658,5,0.345446,0.385951,0
PT_7778,PT_7778,16,1.230449,Plasmids,12,0.041623,0,0,0,0.002775,0.004654,0.027658,5,0.345446,0.385951,0
PT_7800,PT_7800,97,1.991226,Plasmids,5,0.125365,0,0,0,2.199362,0.014032,0.083389,5,0.440667,0.46849,1343.406153
PT_7832,PT_7832,23,1.380211,Plasmids,8,0.075315,0,0,0,0.009245,0.008416,0.050013,5,0.412139,0.444764,252.103575
PT_7836,PT_7836,50,1.70757,Plasmids,5,0.055658,0,0,0,1.023901,0.006232,0.037036,5,0.352273,0.394133,140.994598
PT_7869,PT_7869,66,1.826075,Plasmids,12,0.041623,0,0,0,0.011448,0.004654,0.027658,5,0.345446,0.385951,0
PT_7890,PT_7890,2,0.477121,Plasmids,8,0.075315,0,0,0,0.002975,0.008416,0.050013,5,0.412139,0.444764,252.103575
PT_7899,PT_7899,1,0.30103,Plasmids,12,0.041623,0,0,0,0.000173,0.004654,0.027658,5,0.345446,0.385951,0
PT_7908,PT_7908,3,0.60206,Plasmids,1,0.058311,0,0,0,0.063603,0.006527,0.038788,5,0.358291,0.400094,233.643451
PT_7934,PT_7934,5,0.778151,Plasmids,12,0.041623,0,0,0,0.000867,0.004654,0.027658,5,0.345446,0.385951,0
PT_7972,PT_7972,4,0.69897,Plasmids,12,0.042614,0,0,0,0.50052,0.004765,0.028318,5,0.346117,0.387237,112.472435
PT_8055,PT_8055,43,1.643453,Plasmids,12,0.10403,0,0,0,0.03799,0.011649,0.069224,5,0.421893,0.452945,401.084839
PT_806,PT_806,2,0.477121,Plasmids,12,0.041623,0,0,0,0.000347,0.004654,0.027658,5,0.345446,0.385951,0
PT_8113,PT_8113,1,0.30103,Plasmids,12,0.041623,0,0,0,0.000173,0.004654,0.027658,5,0.345446,0.385951,0
PT_8143,PT_8143,6,0.845098,Plasmids,2,0.06319,0,0,0,0.049147,0.007078,0.042062,5,0.359738,0.401496,170.90082
PT_8158,PT_8158,8,0.954243,Plasmids,4,0.075653,0,0,0,1.008924,0.008453,0.050235,5,0.412616,0.445699,531.678153
PT_8185,PT_8185,140,2.149219,Plasmids,8,0.079067,0,0,0,0.14314,0.008836,0.052508,5,0.413573,0.4464,318.054199
PT_8186,PT_8186,11,1.079181,Plasmids,5,0.077998,0,0,0,2.014699,0.008715,0.051793,5,0.413573,0.446985,482.98812
PT_8188,PT_8188,1,0.30103,Plasmids,12,0.041623,0,0,0,0.000173,0.004654,0.027658,5,0.345446,0.385951,0
PT_8227,PT_8227,5,0.778151,Plasmids,8,0.075315,0,0,0,0.006123,0.008416,0.050013,5,0.412139,0.444764,252.103575
PT_8231,PT_8231,15,1.20412,Plasmids,7,0.116078,0,0,0,0.126567,0.012998,0.077244,5,0.430036,0.459724,630.868931
PT_8247,PT_8247,14,1.176091,Plasmids,1,0.103523,0,0,0,0.134536,0.011583,0.068837,5,0.429001,0.458439,755.054987
PT_8252,PT_8252,20,1.322219,Plasmids,12,0.05746,0,0,0,0.008271,0.006438,0.038256,5,0.352621,0.393899,35.987738
PT_8313,PT_8313,6,0.845098,Plasmids,5,0.079517,0,0,0,1.672442,0.008883,0.052789,5,0.415986,0.449322,769.086442
PT_8315,PT_8315,53,1.732394,Plasmids,6,0.153487,0,0,0,5.008072,0.017181,0.102103,5,0.461788,0.486723,4006.950537
PT_8330,PT_8330,3,0.60206,Plasmids,12,0.041623,0,0,0,0.00052,0.004654,0.027658,5,0.345446,0.385951,0
PT_8367,PT_8367,1,0.30103,Plasmids,12,0.041623,0,0,0,0.000173,0.004654,0.027658,5,0.345446,0.385951,0
PT_8394,PT_8394,1,0.30103,Plasmids,12,0.041623,0,0,0,0.000173,0.004654,0.027658,5,0.345446,0.385951,0
PT_8452,PT_8452,1,0.30103,Plasmids,12,0.041623,0,0,0,0.000173,0.004654,0.027658,5,0.345446,0.385951,0
PT_8466,PT_8466,11,1.079181,Plasmids,12,0.054502,0,0,0,0.009609,0.006103,0.036271,5,0.351578,0.392847,33.496296
PT_8467,PT_8467,1,0.30103,Plasmids,12,0.041623,0,0,0,0.000173,0.004654,0.027658,5,0.345446,0.385951,0
PT_8509,PT_8509,1,0.30103,Plasmids,12,0.041623,0,0,0,0.000173,0.004654,0.027658,5,0.345446,0.385951,0
PT_8513,PT_8513,28,1.462398,Plasmids,13,0.130473,0,0,0,1.573975,0.014607,0.086805,5,0.44176,0.469776,1422.889888
PT_8518,PT_8518,2,0.477121,Plasmids,13,0.044341,0,0,0,0.500173,0.004958,0.029466,5,0.347128,0.388289,30.776134
PT_8521,PT_8521,18,1.278754,Plasmids,2,0.10976,0,0,0,0.076958,0.012289,0.073029,5,0.428486,0.458088,620.13644
PT_8523,PT_8523,7,0.90309,Plasmids,7,0.079429,0,0,0,0.095897,0.008908,0.052937,5,0.363035,0.404909,149.676737
PT_8561,PT_8561,7,0.90309,Plasmids,3,0.045582,0,0,0,0.251041,0.005096,0.030283,5,0.351578,0.39252,112.613464
PT_8562,PT_8562,16,1.230449,Plasmids,8,0.075315,0,0,0,0.008031,0.008416,0.050013,5,0.412139,0.444764,252.103575
PT_8604,PT_8604,4,0.69897,Plasmids,8,0.075315,0,0,0,0.003322,0.008416,0.050013,5,0.412139,0.444764,252.103575
PT_8637,PT_8637,2,0.477121,Plasmids,12,0.045042,0,0,0,0.200173,0.005038,0.02994,5,0.346117,0.387237,18.110315
PT_8645,PT_8645,218,2.340444,Plasmids,8,0.093732,0,0,0,0.885394,0.01047,0.062218,5,0.429518,0.459374,955.301206
PT_8659,PT_8659,98,1.995635,Plasmids,11,0.157759,0,0,0,1.944298,0.017674,0.105033,5,0.452986,0.47971,2866.41641
PT_8670,PT_8670,5,0.778151,Plasmids,2,0.051258,0,0,0,0.164227,0.00573,0.03405,5,0.3565,0.39834,206.759502
PT_8681,PT_8681,2,0.477121,Plasmids,12,0.041623,0,0,0,0.000347,0.004654,0.027658,5,0.345446,0.385951,0
PT_8699,PT_8699,1,0.30103,Plasmids,12,0.041623,0,0,0,0.000173,0.004654,0.027658,5,0.345446,0.385951,0
PT_87,PT_87,23,1.380211,Plasmids,12,0.041623,0,0,0,0.00399,0.004654,0.027658,5,0.345446,0.385951,0
PT_8714,PT_8714,4,0.69897,Plasmids,12,0.041623,0,0,0,0.000694,0.004654,0.027658,5,0.345446,0.385951,0
PT_8723,PT_8723,1,0.30103,Plasmids,12,0.041623,0,0,0,0.000173,0.004654,0.027658,5,0.345446,0.385951,0
PT_8757,PT_8757,26,1.431364,Plasmids,12,0.041623,0,0,0,0.00451,0.004654,0.027658,5,0.345446,0.385951,0
PT_8767,PT_8767,5,0.778151,Plasmids,12,0.041623,0,0,0,0.000867,0.004654,0.027658,5,0.345446,0.385951,0
PT_8782,PT_8782,26,1.431364,Plasmids,12,0.041623,0,0,0,0.00451,0.004654,0.027658,5,0.345446,0.385951,0
PT_8790,PT_8790,2,0.477121,Plasmids,1,0.045432,0,0,0,0.055729,0.005078,0.030175,5,0.35297,0.39425,174.205399
PT_8800,PT_8800,2,0.477121,Plasmids,12,0.041623,0,0,0,0.000347,0.004654,0.027658,5,0.345446,0.385951,0
PT_8823,PT_8823,131,2.120574,Plasmids,8,0.103056,0,0,0,0.200034,0.011526,0.068493,5,0.428486,0.458672,815.149556
PT_8846,PT_8846,1,0.30103,Plasmids,12,0.041623,0,0,0,0.000173,0.004654,0.027658,5,0.345446,0.385951,0
PT_8888,PT_8888,1,0.30103,Plasmids,12,0.041623,0,0,0,0.000173,0.004654,0.027658,5,0.345446,0.385951,0
PT_8899,PT_8899,67,1.832509,Plasmids,1,0.13083,0,0,0,1.550687,0.014658,0.087106,5,0.435287,0.465568,1310.023404
PT_8900,PT_8900,14,1.176091,Plasmids,12,0.091129,0,0,0,0.410595,0.010214,0.060701,5,0.374475,0.418093,744.926162
PT_8903,PT_8903,419,2.623249,Plasmids,12,0.097789,0,0,0,0.100107,0.010937,0.064995,5,0.426946,0.456452,593.327876
PT_8926,PT_8926,48,1.690196,Plasmids,12,0.041623,0,0,0,0.008326,0.004654,0.027658,5,0.345446,0.385951,0
PT_8945,PT_8945,3,0.60206,Plasmids,12,0.041623,0,0,0,0.00052,0.004654,0.027658,5,0.345446,0.385951,0
PT_8947,PT_8947,2,0.477121,Plasmids,12,0.041623,0,0,0,0.000347,0.004654,0.027658,5,0.345446,0.385951,0
PT_8975,PT_8975,117,2.071882,Plasmids,12,0.041623,0,0,0,0.020295,0.004654,0.027658,5,0.345446,0.385951,0
PT_8979,PT_8979,27,1.447158,Plasmids,9,0.129932,0,0,0,1.941513,0.014551,0.08647,5,0.439581,0.468373,1419.041862
PT_8987,PT_8987,15,1.20412,Plasmids,12,0.041623,0,0,0,0.002602,0.004654,0.027658,5,0.345446,0.385951,0
PT_8988,PT_8988,26,1.431364,Plasmids,12,0.041623,0,0,0,0.00451,0.004654,0.027658,5,0.345446,0.385951,0
PT_899,PT_899,39,1.60206,Plasmids,11,0.097644,0,0,0,0.943404,0.010926,0.064933,5,0.420401,0.453062,601.093685
PT_8992,PT_8992,3,0.60206,Plasmids,10,0.0568,0,0,0,0.174714,0.00636,0.037793,5,0.354374,0.396237,138.515181
PT_9002,PT_9002,3,0.60206,Plasmids,12,0.041623,0,0,0,0.00052,0.004654,0.027658,5,0.345446,0.385951,0
PT_9032,PT_9032,6,0.845098,Plasmids,12,0.041623,0,0,0,0.001041,0.004654,0.027658,5,0.345446,0.385951,0
PT_9037,PT_9037,2,0.477121,Plasmids,8,0.048261,0,0,0,0.017717,0.005392,0.032042,5,0.357573,0.398808,160.50771
PT_9080,PT_9080,1,0.30103,Plasmids,12,0.041623,0,0,0,0.000173,0.004654,0.027658,5,0.345446,0.385951,0
PT_9085,PT_9085,1,0.30103,Plasmids,12,0.041623,0,0,0,0.000173,0.004654,0.027658,5,0.345446,0.385951,0
PT_9087,PT_9087,46,1.672098,Plasmids,1,0.138847,0,0,0,0.756559,0.015552,0.092419,5,0.446183,0.472581,1634.339162
PT_9160,PT_9160,9,1,Plasmids,12,0.041623,0,0,0,0.001561,0.004654,0.027658,5,0.345446,0.385951,0
PT_9174,PT_9174,35,1.556303,Plasmids,7,0.063593,0,0,0,0.063425,0.007124,0.042339,5,0.358652,0.400117,101.078976
PT_9189,PT_9189,16,1.230449,Plasmids,11,0.086513,0,0,0,0.585783,0.009667,0.057448,5,0.423397,0.454582,821.609076
PT_9235,PT_9235,5,0.778151,Plasmids,9,0.088131,0,0,0,1.149251,0.00985,0.058536,5,0.423397,0.454582,796.453227
PT_9268,PT_9268,2,0.477121,Plasmids,12,0.041623,0,0,0,0.000347,0.004654,0.027658,5,0.345446,0.385951,0
PT_9278,PT_9278,144,2.161368,Plasmids,8,0.075315,0,0,0,0.067021,0.008416,0.050013,5,0.412139,0.444764,252.103575
PT_9279,PT_9279,121,2.08636,Plasmids,1,0.046931,0,0,0,0.097565,0.005249,0.031192,5,0.349853,0.391094,86.439268
PT_9291,PT_9291,41,1.623249,Plasmids,12,0.041623,0,0,0,0.007112,0.004654,0.027658,5,0.345446,0.385951,0
PT_9335,PT_9335,7,0.90309,Plasmids,12,0.041623,0,0,0,0.001214,0.004654,0.027658,5,0.345446,0.385951,0
PT_9343,PT_9343,23,1.380211,Plasmids,8,0.075315,0,0,0,0.011873,0.008416,0.050013,5,0.412139,0.444764,252.103575
PT_9388,PT_9388,322,2.509203,Plasmids,8,0.092969,0,0,0,0.156965,0.010397,0.061789,5,0.422393,0.453296,450.687096
PT_9400,PT_9400,347,2.541579,Plasmids,2,0.174535,0,0,0,7.308544,0.019543,0.116137,5,0.466623,0.491865,4326.576416
PT_9426,PT_9426,26,1.431364,Plasmids,13,0.107663,0,0,0,2.196069,0.012041,0.071557,5,0.433171,0.462997,985.266915
PT_9455,PT_9455,8,0.954243,Plasmids,12,0.041623,0,0,0,0.001388,0.004654,0.027658,5,0.345446,0.385951,0
PT_9475,PT_9475,6,0.845098,Plasmids,12,0.054502,0,0,0,0.008741,0.006103,0.036271,5,0.351578,0.392847,33.496296
PT_9530,PT_9530,1,0.30103,Plasmids,12,0.041623,0,0,0,0.000173,0.004654,0.027658,5,0.345446,0.385951,0
PT_960,PT_960,6,0.845098,Plasmids,12,0.041623,0,0,0,0.001041,0.004654,0.027658,5,0.345446,0.385951,0
PT_9615,PT_9615,13,1.146128,Plasmids,12,0.041623,0,0,0,0.002255,0.004654,0.027658,5,0.345446,0.385951,0
PT_964,PT_964,2,0.477121,Plasmids,12,0.041623,0,0,0,0.000347,0.004654,0.027658,5,0.345446,0.385951,0
PT_966,PT_966,2,0.477121,Plasmids,12,0.041623,0,0,0,0.000347,0.004654,0.027658,5,0.345446,0.385951,0
PT_9669,PT_9669,1,0.30103,Plasmids,12,0.041623,0,0,0,0.000173,0.004654,0.027658,5,0.345446,0.385951,0
PT_9690,PT_9690,79,1.90309,Plasmids,8,0.091044,0,0,0,0.226395,0.010174,0.060464,5,0.425418,0.4554,612.412982
PT_9697,PT_9697,1,0.30103,Plasmids,12,0.041623,0,0,0,0.000173,0.004654,0.027658,5,0.345446,0.385951,0
PT_9731,PT_9731,1,0.30103,Plasmids,12,0.041623,0,0,0,0.000173,0.004654,0.027658,5,0.345446,0.385951,0
PT_9774,PT_9774,43,1.643453,Plasmids,8,0.048261,0,0,0,0.024829,0.005392,0.032042,5,0.357573,0.398808,160.50771
PT_9791,PT_9791,1,0.30103,Plasmids,12,0.041623,0,0,0,0.000173,0.004654,0.027658,5,0.345446,0.385951,0
PT_9794,PT_9794,1,0.30103,Plasmids,12,0.041623,0,0,0,0.000173,0.004654,0.027658,5,0.345446,0.385951,0
PT_9796,PT_9796,11,1.079181,Plasmids,1,0.099714,0,0,0,0.043125,0.01116,0.06632,5,0.423397,0.453997,429.674904
VT_14141,VT_14141,1,0.30103,Plasmids,12,0.041623,0,0,0,0.000173,0.004654,0.027658,5,0.345446,0.385951,0
VT_1435,VT_1435,1,0.30103,Plasmids,12,0.041623,0,0,0,0.000173,0.004654,0.027658,5,0.345446,0.385951,0
VT_14471,VT_14471,2620,3.418467,Plasmids,12,0.091151,0,0,0,0.479382,0.010199,0.060611,5,0.418427,0.449906,324.862976
VT_24634,VT_24634,5,0.778151,Plasmids,12,0.041623,0,0,0,0.000867,0.004654,0.027658,5,0.345446,0.385951,0
VT_4703,VT_4703,3,0.60206,Plasmids,12,0.041623,0,0,0,0.00052,0.004654,0.027658,5,0.345446,0.385951,0
Acinetobacter_beijerinckii,Acinetobacter_beijerinckii,1,0.30103,Bacteria,0,0.002226,0,0,0,1,0.00148,0.000249,6,0.260981,0.27805,0
Acinetobacter_bereziniae,Acinetobacter_bereziniae,117,2.071882,Bacteria,7,0.218974,0,0,0,2.925,0.145814,0.024537,4,0.360101,0.397733,7020.709657
PT_11229,PT_11229,10,1.041393,Plasmids,7,0.037782,0,0,0,0.189071,0.004248,0.025243,5,0.2875,0.31461,47.008212
PT_13060,PT_13060,5,0.778151,Plasmids,2,0.055698,0,0,0,1.191935,0.006229,0.037017,5,0.333801,0.375666,189.681332
PT_14965,PT_14965,1,0.30103,Plasmids,7,0.009091,0,0,0,0.025,0.001021,0.006067,5,0.264859,0.27618,0
PT_17279,PT_17279,3,0.60206,Plasmids,1,0.048089,0,0,0,0.066263,0.005377,0.031955,5,0.330705,0.370991,109.646785
PT_20491,PT_20491,2,0.477121,Plasmids,6,0.010022,0,0,0,0.358333,0.001125,0.006684,5,0.265846,0.278518,7.900846
PT_21063,PT_21063,2,0.477121,Plasmids,7,0.042782,0,0,0,0.027801,0.004783,0.028422,5,0.326764,0.365849,36.992445
PT_2532,PT_2532,15,1.20412,Plasmids,1,0.055155,0,0,0,0.359254,0.006167,0.036648,5,0.337275,0.378939,230.312235
PT_25461,PT_25461,6,0.845098,Plasmids,3,0.046826,0,0,0,1.305602,0.005233,0.031101,5,0.330093,0.370874,817.802096
PT_2673,PT_2673,1,0.30103,Plasmids,7,0.009091,0,0,0,0.025,0.001021,0.006067,5,0.264859,0.27618,0
PT_3005,PT_3005,32,1.518514,Plasmids,1,0.064208,0,0,0,1.513451,0.007182,0.042681,5,0.340822,0.384549,460.456778
PT_3680,PT_3680,17,1.255273,Plasmids,1,0.026975,0,0,0,0.458097,0.003029,0.017999,5,0.278081,0.300047,46.239764
PT_3887,PT_3887,2,0.477121,Plasmids,7,0.015729,0,0,0,0.042544,0.001759,0.010451,5,0.276786,0.296774,28.15758
PT_5916,PT_5916,1,0.30103,Plasmids,7,0.009091,0,0,0,0.025,0.001021,0.006067,5,0.264859,0.27618,0
PT_7041,PT_7041,3,0.60206,Plasmids,3,0.013137,0,0,0,1.275,0.001472,0.008746,5,0.26926,0.285063,198.336382
PT_7139,PT_7139,3,0.60206,Plasmids,1,0.014398,0,0,0,0.101923,0.001616,0.009601,5,0.269057,0.283964,7.938807
PT_7895,PT_7895,8,0.954243,Plasmids,10,0.016235,0,0,0,0.410526,0.001816,0.010794,5,0.275077,0.294554,63.780028
PT_901,PT_901,29,1.477121,Plasmids,3,0.06595,0,0,0,0.49286,0.007384,0.043883,5,0.340172,0.382679,234.31949
Acinetobacter_bohemicus,Acinetobacter_bohemicus,3,0.60206,Bacteria,2,0.01599,0,0,0,3,0.010635,0.00179,6,0.324386,0.3331,9.782417
PT_3329,PT_3329,15,1.20412,Plasmids,2,0.04009,0,0,0,1.40531,0.004476,0.026602,5,0.326764,0.366433,138.425614
Acinetobacter_bouvetii,Acinetobacter_bouvetii,2,0.477121,Bacteria,3,0.001961,0,0,0,2,0.001296,0.000218,6,0.248432,0.265895,4.256789
PT_7438,PT_7438,3,0.60206,Plasmids,3,0.033779,0,0,0,1.005602,0.003771,0.022409,5,0.322333,0.360589,525.71225
Acinetobacter_brisouii,Acinetobacter_brisouii,8,0.954243,Bacteria,5,0.027655,0,0,0,8,0.018368,0.003091,6,0.324681,0.337354,744.451364
PT_1081,PT_1081,1,0.30103,Plasmids,5,0.001155,0,0,0,1,0.000129,0.000764,7,0.245186,0.250598,0
Acinetobacter_calcoaceticus,Acinetobacter_calcoaceticus,6,0.845098,Bacteria,9,0.025649,0,0,0,1.5,0.017067,0.002872,6,0.326167,0.336209,23.10599
Acinetobacter_chengduensis,Acinetobacter_chengduensis,5,0.778151,Bacteria,13,0.021121,0,0,0,5,0.014043,0.002363,5,0.327967,0.33677,33.506204
PT_17750,PT_17750,2,0.477121,Plasmids,13,0.034573,0,0,0,1.002801,0.00386,0.022939,5,0.322042,0.360238,41.167699
PT_18319,PT_18319,12,1.113943,Plasmids,13,0.037947,0,0,0,1.871148,0.004237,0.025177,5,0.323209,0.362225,83.003015
Acinetobacter_chinensis,Acinetobacter_chinensis,5,0.778151,Bacteria,3,0.019784,0,0,0,5,0.013148,0.002213,5,0.331012,0.339294,797.262785
PT_1366,PT_1366,2,0.477121,Plasmids,3,0.007466,0,0,0,1.017544,0.00083,0.004931,6,0.264074,0.277302,16.91564
PT_900,PT_900,1,0.30103,Plasmids,3,0.000828,0,0,0,1,0.000092,0.000547,6,0.248779,0.252454,0
Acinetobacter_colistiniresistens,Acinetobacter_colistiniresistens,19,1.30103,Bacteria,12,0.04924,0,0,0,2.111111,0.032819,0.005523,5,0.338235,0.350397,2256.218662
PT_13751,PT_13751,1,0.30103,Plasmids,12,0.002048,0,0,0,0.111111,0.00023,0.001366,6,0.252837,0.257363,0
PT_14988,PT_14988,5,0.778151,Plasmids,12,0.035236,0,0,0,0.154576,0.003965,0.023565,5,0.283386,0.308626,54.935493
PT_15525,PT_15525,1,0.30103,Plasmids,12,0.002048,0,0,0,0.111111,0.00023,0.001366,6,0.252837,0.257363,0
PT_7329,PT_7329,1,0.30103,Plasmids,12,0.002048,0,0,0,0.111111,0.00023,0.001366,6,0.252837,0.257363,0
Acinetobacter_cumulans,Acinetobacter_cumulans,34,1.544068,Bacteria,13,0.080959,0,0,0,4.857143,0.053791,0.009052,5,0.344112,0.362062,2518.342777
PT_13573,PT_13573,5,0.778151,Plasmids,3,0.041023,0,0,0,0.401261,0.00458,0.027218,5,0.326167,0.365732,102.84008
PT_15251,PT_15251,2,0.477121,Plasmids,13,0.037065,0,0,0,0.145658,0.004138,0.024593,5,0.322917,0.36129,37.581212
PT_17273,PT_17273,1,0.30103,Plasmids,13,0.003374,0,0,0,0.142857,0.000377,0.002238,6,0.256106,0.262155,0
PT_19141,PT_19141,1,0.30103,Plasmids,13,0.003374,0,0,0,0.142857,0.000377,0.002238,6,0.256106,0.262155,0
PT_19163,PT_19163,3,0.60206,Plasmids,13,0.037065,0,0,0,0.148459,0.004138,0.024593,5,0.322917,0.36129,37.581212
PT_4462,PT_4462,37,1.579784,Plasmids,13,0.047455,0,0,0,0.417461,0.005296,0.031472,5,0.330399,0.371225,166.476504
PT_7875,PT_7875,41,1.623249,Plasmids,13,0.037065,0,0,0,0.254902,0.004138,0.024593,5,0.322917,0.36129,37.581212
PT_998,PT_998,3,0.60206,Plasmids,11,0.004015,0,0,0,0.785714,0.000448,0.002661,6,0.257401,0.264703,8.920832
Acinetobacter_defluvii,Acinetobacter_defluvii,17,1.255273,Bacteria,13,0.06532,0,0,0,8.5,0.043437,0.007309,5,0.342131,0.354535,307.023197
PT_15681,PT_15681,10,1.041393,Plasmids,13,0.040368,0,0,0,1.269608,0.004508,0.026787,5,0.325571,0.36503,77.2479
PT_21173,PT_21173,2,0.477121,Plasmids,13,0.036409,0,0,0,0.502801,0.004066,0.024162,5,0.322333,0.360589,15.048902
PT_3627,PT_3627,2,0.477121,Plasmids,13,0.036409,0,0,0,0.502801,0.004066,0.024162,5,0.322333,0.360589,15.048902
PT_4932,PT_4932,6,0.845098,Plasmids,13,0.043047,0,0,0,0.558234,0.004803,0.028546,5,0.329178,0.369238,97.233945
Acinetobacter_dispersus,Acinetobacter_dispersus,1,0.30103,Bacteria,3,0.001952,0,0,0,1,0.001294,0.000218,6,0.248259,0.26496,0
Acinetobacter_faecalis,Acinetobacter_faecalis,1,0.30103,Bacteria,13,0.000033,0,0,0,1,0.000017,0.000003,7,0.200506,0.202722,0
PT_11462,PT_11462,3,0.60206,Plasmids,13,0.00064,0,0,0,1.666667,0.00007,0.000418,6,0.250703,0.254465,712
Acinetobacter_gandensis,Acinetobacter_gandensis,4,0.69897,Bacteria,4,0.008039,0,0,0,2,0.005334,0.000898,6,0.308124,0.318887,1.457843
Acinetobacter_geminorum,Acinetobacter_geminorum,4,0.69897,Bacteria,6,0.017263,0,0,0,4,0.011496,0.001934,6,0.317453,0.32805,9.920559
Acinetobacter_genomosp.,Acinetobacter_genomosp.,7,0.90309,Bacteria,12,0.023778,0,0,0,3.5,0.015845,0.002666,6,0.320305,0.331907,729.859821
PT_1044,PT_1044,2,0.477121,Plasmids,12,0.00099,0,0,0,1,0.000111,0.000659,7,0.242682,0.247886,0
Acinetobacter_gerneri,Acinetobacter_gerneri,9,1,Bacteria,5,0.040288,0,0,0,9,0.026792,0.004508,5,0.335687,0.345489,247.650814
PT_25251,PT_25251,2,0.477121,Plasmids,5,0.005636,0,0,0,1.25,0.000629,0.00374,6,0.258896,0.267345,2.661873
Acinetobacter_guerrae,Acinetobacter_guerrae,8,0.954243,Bacteria,6,0.022274,0,0,0,2.666667,0.014823,0.002494,6,0.325274,0.336325,162.704705
PT_8102,PT_8102,4,0.69897,Plasmids,6,0.009494,0,0,0,0.397163,0.001064,0.006325,5,0.265253,0.277957,7.44758
Acinetobacter_guillouiae,Acinetobacter_guillouiae,3,0.60206,Bacteria,7,0.002204,0,0,0,1,0.001459,0.000246,6,0.261747,0.27971,66.943832
PT_2297,PT_2297,3,0.60206,Plasmids,7,0.000981,0,0,0,1.166667,0.000109,0.000647,6,0.246542,0.25187,12.894775
Acinetobacter_gyllenbergii,Acinetobacter_gyllenbergii,3,0.60206,Bacteria,1,0.012981,0,0,0,1.5,0.008653,0.001456,6,0.31054,0.321646,5.956854
PT_11519,PT_11519,6,0.845098,Plasmids,1,0.042797,0,0,0,0.532481,0.004783,0.028423,5,0.327665,0.367485,131.700788
Acinetobacter_haemolyticus,Acinetobacter_haemolyticus,124,2.09691,Bacteria,7,0.1343,0,0,0,3.179487,0.089411,0.015046,4,0.351925,0.378565,5777.430628
PT_12147,PT_12147,1,0.30103,Plasmids,7,0.005583,0,0,0,0.025641,0.000626,0.00372,5,0.260409,0.26877,0
PT_12752,PT_12752,1,0.30103,Plasmids,7,0.005583,0,0,0,0.025641,0.000626,0.00372,5,0.260409,0.26877,0
PT_15419,PT_15419,3,0.60206,Plasmids,7,0.039274,0,0,0,0.054083,0.004388,0.026075,5,0.327064,0.366036,67.000718
PT_16965,PT_16965,1,0.30103,Plasmids,7,0.005583,0,0,0,0.025641,0.000626,0.00372,5,0.260409,0.26877,0
PT_19020,PT_19020,2,0.477121,Plasmids,7,0.005583,0,0,0,0.051282,0.000626,0.00372,5,0.260409,0.26877,0
PT_22451,PT_22451,7,0.90309,Plasmids,11,0.040024,0,0,0,0.608166,0.00447,0.026565,5,0.327665,0.367321,138.736152
PT_22555,PT_22555,6,0.845098,Plasmids,1,0.025228,0,0,0,0.101097,0.002833,0.016835,5,0.283612,0.308555,65.498778
PT_25139,PT_25139,2,0.477121,Plasmids,7,0.005583,0,0,0,0.051282,0.000626,0.00372,5,0.260409,0.26877,0
PT_2866,PT_2866,4,0.69897,Plasmids,7,0.005583,0,0,0,0.102564,0.000626,0.00372,5,0.260409,0.26877,0
PT_7751,PT_7751,3,0.60206,Plasmids,7,0.012221,0,0,0,0.068826,0.001364,0.008104,5,0.272137,0.289715,31.463035
PT_8298,PT_8298,10,1.041393,Plasmids,7,0.039274,0,0,0,0.23357,0.004388,0.026075,5,0.327064,0.366036,67.000718
Acinetobacter_harbinensis,Acinetobacter_harbinensis,8,0.954243,Bacteria,11,0.017794,0,0,0,4,0.011778,0.001982,6,0.311899,0.326648,320.029246
PT_10684,PT_10684,21,1.342423,Plasmids,11,0.051354,0,0,0,1.563878,0.005728,0.034043,5,0.336004,0.378705,573.919168
PT_11862,PT_11862,16,1.230449,Plasmids,11,0.056585,0,0,0,1.125998,0.006319,0.037554,5,0.338557,0.381931,484.159591
PT_12626,PT_12626,2,0.477121,Plasmids,11,0.002,0,0,0,1,0.000222,0.001317,7,0.25,0.257236,3.120323
PT_7383,PT_7383,3,0.60206,Plasmids,11,0.034441,0,0,0,0.505602,0.003844,0.022845,5,0.322333,0.360589,54.909766
Acinetobacter_indicus,Acinetobacter_indicus,182,2.262451,Bacteria,8,0.158852,0,0,0,3.192982,0.105348,0.017727,5,0.357932,0.398878,12184.546723
PT_10157,PT_10157,1,0.30103,Plasmids,8,0.006638,0,0,0,0.017544,0.000738,0.004384,6,0.263683,0.276017,0
PT_12259,PT_12259,7,0.90309,Plasmids,8,0.006638,0,0,0,0.122807,0.000738,0.004384,6,0.263683,0.276017,0
PT_12261,PT_12261,1,0.30103,Plasmids,8,0.006638,0,0,0,0.017544,0.000738,0.004384,6,0.263683,0.276017,0
PT_12812,PT_12812,9,1,Plasmids,8,0.006638,0,0,0,0.157895,0.000738,0.004384,6,0.263683,0.276017,0
PT_14852,PT_14852,6,0.845098,Plasmids,8,0.040329,0,0,0,0.046292,0.004499,0.026738,5,0.328571,0.367952,75.781806
PT_15001,PT_15001,2,0.477121,Plasmids,8,0.006638,0,0,0,0.035088,0.000738,0.004384,6,0.263683,0.276017,0
PT_15516,PT_15516,8,0.954243,Plasmids,8,0.040329,0,0,0,0.08138,0.004499,0.026738,5,0.328571,0.367952,75.781806
PT_16863,PT_16863,4,0.69897,Plasmids,8,0.040329,0,0,0,0.025947,0.004499,0.026738,5,0.328571,0.367952,75.781806
PT_17163,PT_17163,1,0.30103,Plasmids,8,0.006638,0,0,0,0.017544,0.000738,0.004384,6,0.263683,0.276017,0
PT_17203,PT_17203,1,0.30103,Plasmids,8,0.006638,0,0,0,0.017544,0.000738,0.004384,6,0.263683,0.276017,0
PT_17219,PT_17219,10,1.041393,Plasmids,8,0.040329,0,0,0,0.042754,0.004499,0.026738,5,0.328571,0.367952,75.781806
PT_18185,PT_18185,4,0.69897,Plasmids,8,0.040329,0,0,0,0.025947,0.004499,0.026738,5,0.328571,0.367952,75.781806
PT_1962,PT_1962,1,0.30103,Plasmids,8,0.006638,0,0,0,0.017544,0.000738,0.004384,6,0.263683,0.276017,0
PT_22190,PT_22190,17,1.255273,Plasmids,8,0.040329,0,0,0,0.062362,0.004499,0.026738,5,0.328571,0.367952,75.781806
PT_24785,PT_24785,3,0.60206,Plasmids,8,0.040329,0,0,0,0.023146,0.004499,0.026738,5,0.328571,0.367952,75.781806
PT_2688,PT_2688,3,0.60206,Plasmids,2,0.012368,0,0,0,0.078566,0.001378,0.008189,5,0.272137,0.289551,24.972552
PT_2950,PT_2950,2,0.477121,Plasmids,8,0.040329,0,0,0,0.020345,0.004499,0.026738,5,0.328571,0.367952,75.781806
PT_2955,PT_2955,4,0.69897,Plasmids,10,0.042627,0,0,0,0.189813,0.004755,0.02826,5,0.330093,0.37029,143.559671
PT_3342,PT_3342,2,0.477121,Plasmids,8,0.01039,0,0,0,0.062998,0.001158,0.006879,6,0.266243,0.280996,6.338492
PT_3829,PT_3829,1,0.30103,Plasmids,8,0.006638,0,0,0,0.017544,0.000738,0.004384,6,0.263683,0.276017,0
PT_4492,PT_4492,1,0.30103,Plasmids,8,0.006638,0,0,0,0.017544,0.000738,0.004384,6,0.263683,0.276017,0
PT_5294,PT_5294,8,0.954243,Plasmids,10,0.042627,0,0,0,0.245245,0.004755,0.02826,5,0.330093,0.37029,143.559671
PT_5738,PT_5738,7,0.90309,Plasmids,8,0.040329,0,0,0,0.049093,0.004499,0.026738,5,0.328571,0.367952,75.781806
PT_6908,PT_6908,4,0.69897,Plasmids,8,0.040329,0,0,0,0.025947,0.004499,0.026738,5,0.328571,0.367952,75.781806
PT_7372,PT_7372,2,0.477121,Plasmids,8,0.040329,0,0,0,0.020345,0.004499,0.026738,5,0.328571,0.367952,75.781806
PT_7730,PT_7730,1,0.30103,Plasmids,8,0.006638,0,0,0,0.017544,0.000738,0.004384,6,0.263683,0.276017,0
PT_9005,PT_9005,11,1.079181,Plasmids,8,0.040329,0,0,0,0.163497,0.004499,0.026738,5,0.328571,0.367952,75.781806
Acinetobacter_johnsonii,Acinetobacter_johnsonii,48,1.690196,Bacteria,1,0.091105,0,0,0,2.666667,0.060489,0.010179,5,0.347128,0.373726,7357.009616
PT_10035,PT_10035,14,1.176091,Plasmids,10,0.080239,0,0,0,0.516399,0.008991,0.05343,5,0.35332,0.397195,705.888463
PT_12329,PT_12329,2,0.477121,Plasmids,1,0.003809,0,0,0,0.111111,0.000424,0.002517,6,0.257773,0.266269,0
PT_12351,PT_12351,2,0.477121,Plasmids,10,0.006087,0,0,0,0.180556,0.000676,0.004019,6,0.262132,0.274918,37.479716
PT_12472,PT_12472,1,0.30103,Plasmids,1,0.003809,0,0,0,0.055556,0.000424,0.002517,6,0.257773,0.266269,0
PT_12730,PT_12730,2,0.477121,Plasmids,1,0.0375,0,0,0,0.058357,0.004185,0.024872,5,0.327365,0.36655,106.459526
PT_13169,PT_13169,1,0.30103,Plasmids,1,0.003809,0,0,0,0.055556,0.000424,0.002517,6,0.257773,0.266269,0
PT_1508,PT_1508,5,0.778151,Plasmids,1,0.01768,0,0,0,0.157847,0.001979,0.011759,5,0.27402,0.293291,43.773344
PT_22335,PT_22335,2,0.477121,Plasmids,1,0.019645,0,0,0,0.060531,0.002207,0.013115,5,0.278733,0.300584,26.921995
PT_24982,PT_24982,1,0.30103,Plasmids,1,0.003809,0,0,0,0.055556,0.000424,0.002517,6,0.257773,0.266269,0
PT_3786,PT_3786,1,0.30103,Plasmids,1,0.003809,0,0,0,0.055556,0.000424,0.002517,6,0.257773,0.266269,0
PT_5382,PT_5382,1,0.30103,Plasmids,1,0.003809,0,0,0,0.055556,0.000424,0.002517,6,0.257773,0.266269,0
PT_6916,PT_6916,3,0.60206,Plasmids,1,0.0375,0,0,0,0.061158,0.004185,0.024872,5,0.327365,0.36655,106.459526
PT_7194,PT_7194,3,0.60206,Plasmids,1,0.0375,0,0,0,0.061158,0.004185,0.024872,5,0.327365,0.36655,106.459526
PT_7237,PT_7237,3,0.60206,Plasmids,1,0.021553,0,0,0,0.116061,0.002416,0.014355,5,0.281818,0.30575,61.295136
PT_7270,PT_7270,13,1.146128,Plasmids,2,0.064085,0,0,0,1.562253,0.007163,0.042569,5,0.346117,0.390159,541.900784
PT_7287,PT_7287,1,0.30103,Plasmids,1,0.003809,0,0,0,0.055556,0.000424,0.002517,6,0.257773,0.266269,0
PT_7756,PT_7756,4,0.69897,Plasmids,1,0.0375,0,0,0,0.063959,0.004185,0.024872,5,0.327365,0.36655,106.459526
PT_7881,PT_7881,1,0.30103,Plasmids,1,0.003809,0,0,0,0.055556,0.000424,0.002517,6,0.257773,0.266269,0
PT_8206,PT_8206,2,0.477121,Plasmids,1,0.0375,0,0,0,0.058357,0.004185,0.024872,5,0.327365,0.36655,106.459526
Acinetobacter_junii,Acinetobacter_junii,117,2.071882,Bacteria,2,0.175214,0,0,0,2.6,0.116727,0.019642,4,0.354374,0.384525,4018.949555
PT_10324,PT_10324,13,1.146128,Plasmids,2,0.078312,0,0,0,1.177057,0.008776,0.052152,5,0.345446,0.389294,313.917273
PT_18983,PT_18983,1,0.30103,Plasmids,2,0.007272,0,0,0,0.022222,0.000817,0.004857,5,0.261747,0.271061,0
PT_19463,PT_19463,2,0.477121,Plasmids,2,0.023108,0,0,0,0.027197,0.002601,0.015455,5,0.276786,0.297101,4.942656
PT_2732,PT_2732,2,0.477121,Plasmids,2,0.007272,0,0,0,0.044444,0.000817,0.004857,5,0.261747,0.271061,0
PT_5821,PT_5821,2,0.477121,Plasmids,2,0.013002,0,0,0,0.0657,0.001458,0.008662,5,0.269057,0.283964,9.49701
PT_5915,PT_5915,3,0.60206,Plasmids,2,0.046694,0,0,0,0.068502,0.005219,0.031017,5,0.330399,0.370477,109.306475
PT_7113,PT_7113,2,0.477121,Plasmids,1,0.015836,0,0,0,0.043499,0.001778,0.010566,5,0.269667,0.285344,4.228786
PT_7344,PT_7344,5,0.778151,Plasmids,2,0.057777,0,0,0,1.0328,0.006471,0.038458,5,0.335372,0.376671,123.303111
PT_8777,PT_8777,5,0.778151,Plasmids,1,0.028715,0,0,0,0.080523,0.003227,0.019179,5,0.282712,0.306989,19.749798
Acinetobacter_lactucae,Acinetobacter_lactucae,18,1.278754,Bacteria,12,0.082341,0,0,0,3.6,0.054838,0.009228,4,0.34378,0.357293,278.805797
PT_9427,PT_9427,8,0.954243,Plasmids,9,0.052584,0,0,0,2.498155,0.005878,0.034931,5,0.331937,0.374147,207.315979
Acinetobacter_lanii,Acinetobacter_lanii,1,0.30103,Bacteria,9,0.006807,0,0,0,1,0.004532,0.000763,6,0.315208,0.324474,0
Acinetobacter_lwoffii,Acinetobacter_lwoffii,76,1.886491,Bacteria,10,0.116666,0,0,0,4,0.077499,0.013041,5,0.349853,0.376952,5642.371478
PT_11590,PT_11590,2,0.477121,Plasmids,10,0.038557,0,0,0,0.055433,0.004304,0.025579,5,0.325571,0.364446,55.902237
PT_13375,PT_13375,2,0.477121,Plasmids,10,0.004865,0,0,0,0.105263,0.000543,0.003225,6,0.259273,0.267859,0
PT_1387,PT_1387,3,0.60206,Plasmids,10,0.042461,0,0,0,0.132356,0.00474,0.028166,5,0.327365,0.367134,100.287645
PT_1396,PT_1396,39,1.60206,Plasmids,10,0.047037,0,0,0,2.246568,0.005248,0.031189,5,0.331628,0.373212,344.619461
PT_14929,PT_14929,1,0.30103,Plasmids,10,0.004865,0,0,0,0.052632,0.000543,0.003225,6,0.259273,0.267859,0
PT_1587,PT_1587,10,1.041393,Plasmids,10,0.040854,0,0,0,0.405573,0.00456,0.027101,5,0.326764,0.366433,113.328566
PT_17742,PT_17742,4,0.69897,Plasmids,10,0.040835,0,0,0,0.233064,0.004557,0.027081,5,0.328571,0.368537,200.364219
PT_23995,PT_23995,2,0.477121,Plasmids,10,0.007144,0,0,0,0.177632,0.000795,0.004726,6,0.262906,0.275105,14.946648
PT_2616,PT_2616,2,0.477121,Plasmids,10,0.038557,0,0,0,0.055433,0.004304,0.025579,5,0.325571,0.364446,55.902237
PT_3271,PT_3271,7,0.90309,Plasmids,10,0.038557,0,0,0,0.069438,0.004304,0.025579,5,0.325571,0.364446,55.902237
PT_6066,PT_6066,3,0.60206,Plasmids,10,0.042461,0,0,0,0.132356,0.00474,0.028166,5,0.327365,0.367134,100.287645
PT_6660,PT_6660,2,0.477121,Plasmids,10,0.010596,0,0,0,0.09611,0.001183,0.00703,6,0.266642,0.280482,10.79816
PT_6804,PT_6804,1,0.30103,Plasmids,10,0.004865,0,0,0,0.052632,0.000543,0.003225,6,0.259273,0.267859,0
PT_7186,PT_7186,2,0.477121,Plasmids,10,0.010596,0,0,0,0.09611,0.001183,0.00703,6,0.266642,0.280482,10.79816
PT_7286,PT_7286,1,0.30103,Plasmids,10,0.004865,0,0,0,0.052632,0.000543,0.003225,6,0.259273,0.267859,0
PT_8582,PT_8582,5,0.778151,Plasmids,10,0.009441,0,0,0,0.635965,0.001051,0.006248,6,0.265648,0.280201,40.846186
PT_8881,PT_8881,4,0.69897,Plasmids,10,0.059999,0,0,0,0.084583,0.006714,0.039901,5,0.340497,0.382445,171.969955
Acinetobacter_modestus,Acinetobacter_modestus,5,0.778151,Bacteria,1,0.021478,0,0,0,2.5,0.014311,0.002408,6,0.312994,0.325316,11.188732
Acinetobacter_nosocomialis,Acinetobacter_nosocomialis,346,2.540329,Bacteria,12,0.310577,0,0,0,2.724409,0.206996,0.034832,4,0.369048,0.420757,8912.862295
PT_17275,PT_17275,24,1.39794,Plasmids,12,0.066879,0,0,0,0.204943,0.007497,0.044554,5,0.342131,0.383871,144.684397
PT_20686,PT_20686,2,0.477121,Plasmids,12,0.012879,0,0,0,0.015748,0.001449,0.008613,5,0.269667,0.284759,0
PT_2516,PT_2516,34,1.544068,Plasmids,11,0.033188,0,0,0,0.709367,0.003736,0.022199,5,0.282264,0.306288,16.963534
PT_3951,PT_3951,1,0.30103,Plasmids,12,0.012879,0,0,0,0.007874,0.001449,0.008613,5,0.269667,0.284759,0
PT_4026,PT_4026,1,0.30103,Plasmids,12,0.012879,0,0,0,0.007874,0.001449,0.008613,5,0.269667,0.284759,0
PT_4281,PT_4281,28,1.462398,Plasmids,12,0.028715,0,0,0,0.142202,0.003233,0.019211,5,0.280047,0.302525,4.205565
PT_5045,PT_5045,3,0.60206,Plasmids,12,0.04657,0,0,0,0.018549,0.005211,0.030968,5,0.33132,0.371108,38.520002
PT_6525,PT_6525,12,1.113943,Plasmids,12,0.062406,0,0,0,0.074921,0.006994,0.041566,5,0.338878,0.380108,79.497229
PT_6594,PT_6594,1,0.30103,Plasmids,12,0.012879,0,0,0,0.007874,0.001449,0.008613,5,0.269667,0.284759,0
PT_8292,PT_8292,9,1,Plasmids,10,0.052753,0,0,0,0.23675,0.005899,0.035056,5,0.337275,0.378939,269.443281
Acinetobacter_oleivorans,Acinetobacter_oleivorans,13,1.146128,Bacteria,12,0.050508,0,0,0,1.857143,0.033621,0.005657,6,0.334742,0.347078,777.63628
PT_23,PT_23,1,0.30103,Plasmids,12,0.0021,0,0,0,0.142857,0.000235,0.001399,7,0.25088,0.255717,0
Acinetobacter_parvus,Acinetobacter_parvus,4,0.69897,Bacteria,4,0.011652,0,0,0,1.333333,0.007761,0.001306,6,0.306799,0.318864,7.797216
Acinetobacter_piscicola,Acinetobacter_piscicola,11,1.079181,Bacteria,11,0.02992,0,0,0,5.5,0.019882,0.003346,6,0.322042,0.337424,540.718585
PT_12368,PT_12368,5,0.778151,Plasmids,11,0.034942,0,0,0,0.511204,0.003901,0.023182,5,0.322333,0.360589,38.770282
PT_14684,PT_14684,10,1.041393,Plasmids,11,0.034942,0,0,0,0.52521,0.003901,0.023182,5,0.322333,0.360589,38.770282
PT_18311,PT_18311,5,0.778151,Plasmids,11,0.034942,0,0,0,0.511204,0.003901,0.023182,5,0.322333,0.360589,38.770282
PT_19079,PT_19079,5,0.778151,Plasmids,11,0.034942,0,0,0,0.511204,0.003901,0.023182,5,0.322333,0.360589,38.770282
PT_2128,PT_2128,6,0.845098,Plasmids,11,0.034942,0,0,0,0.514006,0.003901,0.023182,5,0.322333,0.360589,38.770282
PT_7670,PT_7670,5,0.778151,Plasmids,11,0.034942,0,0,0,0.511204,0.003901,0.023182,5,0.322333,0.360589,38.770282
Acinetobacter_pittii,Acinetobacter_pittii,580,2.764176,Bacteria,12,0.382083,0,0,0,2.885572,0.254701,0.042859,4,0.374475,0.435016,11548.956151
PT_10196,PT_10196,2,0.477121,Plasmids,1,0.0244,0,0,0,0.026252,0.002744,0.016307,5,0.280047,0.302688,8.620806
PT_10540,PT_10540,6,0.845098,Plasmids,12,0.015836,0,0,0,0.029851,0.001783,0.010598,5,0.272554,0.289995,0
PT_12424,PT_12424,4,0.69897,Plasmids,10,0.051351,0,0,0,0.34111,0.005749,0.034166,5,0.331937,0.372394,63.139243
PT_18922,PT_18922,1,0.30103,Plasmids,12,0.015836,0,0,0,0.004975,0.001783,0.010598,5,0.272554,0.289995,0
PT_6862,PT_6862,2,0.477121,Plasmids,12,0.049527,0,0,0,0.007776,0.005545,0.032953,5,0.331628,0.371459,36.771663
PT_7091,PT_7091,1,0.30103,Plasmids,12,0.015836,0,0,0,0.004975,0.001783,0.010598,5,0.272554,0.289995,0
PT_7252,PT_7252,4,0.69897,Plasmids,12,0.015836,0,0,0,0.0199,0.001783,0.010598,5,0.272554,0.289995,0
Acinetobacter_portensis,Acinetobacter_portensis,10,1.041393,Bacteria,13,0.015095,0,0,0,3.333333,0.010037,0.001689,5,0.334114,0.340743,2133.728844
PT_1479,PT_1479,3,0.60206,Plasmids,13,0.000633,0,0,0,1,0.00007,0.000418,6,0.250527,0.25353,0
Acinetobacter_proteolyticus,Acinetobacter_proteolyticus,6,0.845098,Bacteria,7,0.021155,0,0,0,3,0.014092,0.002371,5,0.326465,0.336419,1375.582813
PT_6669,PT_6669,1,0.30103,Plasmids,7,0.000883,0,0,0,0.5,0.000099,0.000586,6,0.246202,0.250584,0
Acinetobacter_pseudolwoffii,Acinetobacter_pseudolwoffii,22,1.361728,Bacteria,10,0.055055,0,0,0,3.666667,0.036564,0.006153,5,0.338557,0.353576,1809.364486
PT_12388,PT_12388,1,0.30103,Plasmids,10,0.002297,0,0,0,0.166667,0.000256,0.001521,6,0.253016,0.258415,0
PT_14452,PT_14452,1,0.30103,Plasmids,10,0.002297,0,0,0,0.166667,0.000256,0.001521,6,0.253016,0.258415,0
Acinetobacter_radioresistens,Acinetobacter_radioresistens,81,1.913814,Bacteria,2,0.137568,0,0,0,3.521739,0.091448,0.015388,5,0.353671,0.382819,7403.186513
PT_12559,PT_12559,3,0.60206,Plasmids,2,0.00573,0,0,0,0.130435,0.00064,0.003805,6,0.261364,0.27043,0
PT_13335,PT_13335,3,0.60206,Plasmids,1,0.011037,0,0,0,0.120401,0.001235,0.007339,6,0.265846,0.279079,10.334528
PT_15013,PT_15013,2,0.477121,Plasmids,10,0.009634,0,0,0,0.120401,0.001076,0.006391,6,0.265253,0.278027,8.204023
PT_15546,PT_15546,4,0.69897,Plasmids,13,0.040949,0,0,0,1.089758,0.004573,0.027176,5,0.326764,0.366433,98.451918
PT_16619,PT_16619,1,0.30103,Plasmids,2,0.00573,0,0,0,0.043478,0.00064,0.003805,6,0.261364,0.27043,0
PT_19495,PT_19495,1,0.30103,Plasmids,2,0.00573,0,0,0,0.043478,0.00064,0.003805,6,0.261364,0.27043,0
PT_4075,PT_4075,1,0.30103,Plasmids,2,0.00573,0,0,0,0.043478,0.00064,0.003805,6,0.261364,0.27043,0
PT_6259,PT_6259,1,0.30103,Plasmids,2,0.00573,0,0,0,0.043478,0.00064,0.003805,6,0.261364,0.27043,0
PT_7297,PT_7297,3,0.60206,Plasmids,10,0.0417,0,0,0,0.171279,0.004655,0.027661,5,0.330399,0.37064,224.235175
PT_7574,PT_7574,1,0.30103,Plasmids,2,0.00573,0,0,0,0.043478,0.00064,0.003805,6,0.261364,0.27043,0
Acinetobacter_rongchengensis,Acinetobacter_rongchengensis,9,1,Bacteria,9,0.047445,0,0,0,9,0.031558,0.00531,5,0.340172,0.349509,77.680436
Acinetobacter_schindleri,Acinetobacter_schindleri,45,1.662758,Bacteria,10,0.093617,0,0,0,3.461538,0.062157,0.010459,5,0.345446,0.367461,3063.437925
PT_14772,PT_14772,2,0.477121,Plasmids,10,0.037595,0,0,0,0.079724,0.004197,0.024941,5,0.323503,0.361992,37.09915
PT_2017,PT_2017,1,0.30103,Plasmids,10,0.003904,0,0,0,0.076923,0.000435,0.002586,6,0.256844,0.264095,0
PT_6605,PT_6605,4,0.69897,Plasmids,3,0.041554,0,0,0,0.332525,0.004639,0.027566,5,0.326764,0.366433,106.009776
PT_8277,PT_8277,1,0.30103,Plasmids,10,0.003904,0,0,0,0.076923,0.000435,0.002586,6,0.256844,0.264095,0
PT_8428,PT_8428,1,0.30103,Plasmids,10,0.003904,0,0,0,0.076923,0.000435,0.002586,6,0.256844,0.264095,0
Acinetobacter_seifertii,Acinetobacter_seifertii,129,2.113943,Bacteria,11,0.107742,0,0,0,3.307692,0.071813,0.012084,5,0.34679,0.368209,2876.658882
PT_6069,PT_6069,1,0.30103,Plasmids,11,0.004473,0,0,0,0.025641,0.000503,0.002988,6,0.257587,0.264563,0
PT_6851,PT_6851,7,0.90309,Plasmids,11,0.004473,0,0,0,0.179487,0.000503,0.002988,6,0.257587,0.264563,0
PT_8019,PT_8019,1,0.30103,Plasmids,11,0.004473,0,0,0,0.025641,0.000503,0.002988,6,0.257587,0.264563,0
Acinetobacter_septicus,Acinetobacter_septicus,1,0.30103,Bacteria,13,0.007144,0,0,0,1,0.004756,0.0008,5,0.320882,0.328471,0
Acinetobacter_sichuanensis,Acinetobacter_sichuanensis,7,0.90309,Bacteria,13,0.036697,0,0,0,7,0.02441,0.004107,5,0.336321,0.344624,52.014665
Acinetobacter_soli,Acinetobacter_soli,77,1.892095,Bacteria,1,0.127609,0,0,0,2.961538,0.084918,0.014289,5,0.350541,0.375573,5296.84027
PT_11178,PT_11178,1,0.30103,Plasmids,1,0.005307,0,0,0,0.038462,0.000595,0.003533,6,0.25965,0.267602,0
PT_11269,PT_11269,1,0.30103,Plasmids,1,0.005307,0,0,0,0.038462,0.000595,0.003533,6,0.25965,0.267602,0
PT_12469,PT_12469,1,0.30103,Plasmids,1,0.005307,0,0,0,0.038462,0.000595,0.003533,6,0.25965,0.267602,0
PT_1401,PT_1401,11,1.079181,Plasmids,1,0.038998,0,0,0,0.387417,0.004356,0.025888,5,0.326167,0.365147,64.715532
PT_1402,PT_1402,6,0.845098,Plasmids,1,0.013871,0,0,0,0.213584,0.001555,0.009242,5,0.268247,0.283053,7.038622
PT_22188,PT_22188,1,0.30103,Plasmids,1,0.005307,0,0,0,0.038462,0.000595,0.003533,6,0.25965,0.267602,0
PT_3572,PT_3572,3,0.60206,Plasmids,1,0.005307,0,0,0,0.115385,0.000595,0.003533,6,0.25965,0.267602,0
Acinetobacter_sp.,Acinetobacter_sp.,1673,3.223755,Bacteria,8,0,0,0,0,4.686274,0.537243,0.090404,4,0.474069,0.619098,104059.548584
PT_10115,PT_10115,1,0.30103,Plasmids,8,0.033691,0,0,0,0.002801,0.003762,0.022355,5,0.321751,0.359303,0
PT_10889,PT_10889,1,0.30103,Plasmids,8,0.033691,0,0,0,0.002801,0.003762,0.022355,5,0.321751,0.359303,0
PT_10923,PT_10923,1,0.30103,Plasmids,8,0.033691,0,0,0,0.002801,0.003762,0.022355,5,0.321751,0.359303,0
PT_11059,PT_11059,1,0.30103,Plasmids,8,0.033691,0,0,0,0.002801,0.003762,0.022355,5,0.321751,0.359303,0
PT_1210,PT_1210,18,1.278754,Plasmids,8,0.033691,0,0,0,0.05042,0.003762,0.022355,5,0.321751,0.359303,0
PT_12207,PT_12207,1,0.30103,Plasmids,8,0.033691,0,0,0,0.002801,0.003762,0.022355,5,0.321751,0.359303,0
PT_12354,PT_12354,3,0.60206,Plasmids,8,0.033691,0,0,0,0.008403,0.003762,0.022355,5,0.321751,0.359303,0
PT_12367,PT_12367,1,0.30103,Plasmids,8,0.033691,0,0,0,0.002801,0.003762,0.022355,5,0.321751,0.359303,0
PT_12504,PT_12504,1,0.30103,Plasmids,8,0.033691,0,0,0,0.002801,0.003762,0.022355,5,0.321751,0.359303,0
PT_12604,PT_12604,1,0.30103,Plasmids,8,0.033691,0,0,0,0.002801,0.003762,0.022355,5,0.321751,0.359303,0
PT_13133,PT_13133,2,0.477121,Plasmids,3,0.03765,0,0,0,0.252801,0.004203,0.02498,5,0.324977,0.363745,59.017808
PT_1368,PT_1368,3,0.60206,Plasmids,8,0.033691,0,0,0,0.008403,0.003762,0.022355,5,0.321751,0.359303,0
PT_14001,PT_14001,1,0.30103,Plasmids,8,0.033691,0,0,0,0.002801,0.003762,0.022355,5,0.321751,0.359303,0
PT_14683,PT_14683,14,1.176091,Plasmids,8,0.033691,0,0,0,0.039216,0.003762,0.022355,5,0.321751,0.359303,0
PT_14994,PT_14994,1,0.30103,Plasmids,8,0.033691,0,0,0,0.002801,0.003762,0.022355,5,0.321751,0.359303,0
PT_15221,PT_15221,2,0.477121,Plasmids,8,0.033691,0,0,0,0.005602,0.003762,0.022355,5,0.321751,0.359303,0
PT_15389,PT_15389,24,1.39794,Plasmids,8,0.033691,0,0,0,0.067227,0.003762,0.022355,5,0.321751,0.359303,0
PT_15961,PT_15961,1,0.30103,Plasmids,8,0.033691,0,0,0,0.002801,0.003762,0.022355,5,0.321751,0.359303,0
PT_16181,PT_16181,1,0.30103,Plasmids,8,0.033691,0,0,0,0.002801,0.003762,0.022355,5,0.321751,0.359303,0
PT_1667,PT_1667,1,0.30103,Plasmids,8,0.033691,0,0,0,0.002801,0.003762,0.022355,5,0.321751,0.359303,0
PT_16679,PT_16679,1,0.30103,Plasmids,8,0.033691,0,0,0,0.002801,0.003762,0.022355,5,0.321751,0.359303,0
PT_17092,PT_17092,4,0.69897,Plasmids,8,0.037443,0,0,0,0.053858,0.004182,0.02485,5,0.322624,0.36094,21.534931
PT_17270,PT_17270,7,0.90309,Plasmids,8,0.033691,0,0,0,0.019608,0.003762,0.022355,5,0.321751,0.359303,0
PT_17345,PT_17345,2,0.477121,Plasmids,8,0.033691,0,0,0,0.005602,0.003762,0.022355,5,0.321751,0.359303,0
PT_17359,PT_17359,2,0.477121,Plasmids,8,0.033691,0,0,0,0.005602,0.003762,0.022355,5,0.321751,0.359303,0
PT_17393,PT_17393,5,0.778151,Plasmids,8,0.033691,0,0,0,0.014006,0.003762,0.022355,5,0.321751,0.359303,0
PT_17444,PT_17444,1,0.30103,Plasmids,8,0.033691,0,0,0,0.002801,0.003762,0.022355,5,0.321751,0.359303,0
PT_1745,PT_1745,1,0.30103,Plasmids,8,0.033691,0,0,0,0.002801,0.003762,0.022355,5,0.321751,0.359303,0
PT_17635,PT_17635,5,0.778151,Plasmids,8,0.033691,0,0,0,0.014006,0.003762,0.022355,5,0.321751,0.359303,0
PT_18221,PT_18221,1,0.30103,Plasmids,8,0.033691,0,0,0,0.002801,0.003762,0.022355,5,0.321751,0.359303,0
PT_18683,PT_18683,2,0.477121,Plasmids,8,0.033691,0,0,0,0.005602,0.003762,0.022355,5,0.321751,0.359303,0
PT_19003,PT_19003,3,0.60206,Plasmids,8,0.033691,0,0,0,0.008403,0.003762,0.022355,5,0.321751,0.359303,0
PT_19091,PT_19091,1,0.30103,Plasmids,8,0.033691,0,0,0,0.002801,0.003762,0.022355,5,0.321751,0.359303,0
PT_19452,PT_19452,5,0.778151,Plasmids,8,0.033691,0,0,0,0.014006,0.003762,0.022355,5,0.321751,0.359303,0
PT_20231,PT_20231,1,0.30103,Plasmids,8,0.033691,0,0,0,0.002801,0.003762,0.022355,5,0.321751,0.359303,0
PT_21556,PT_21556,3,0.60206,Plasmids,8,0.033691,0,0,0,0.008403,0.003762,0.022355,5,0.321751,0.359303,0
PT_21946,PT_21946,4,0.69897,Plasmids,8,0.033691,0,0,0,0.011204,0.003762,0.022355,5,0.321751,0.359303,0
PT_22123,PT_22123,1,0.30103,Plasmids,8,0.033691,0,0,0,0.002801,0.003762,0.022355,5,0.321751,0.359303,0
PT_22172,PT_22172,1,0.30103,Plasmids,8,0.033691,0,0,0,0.002801,0.003762,0.022355,5,0.321751,0.359303,0
PT_22270,PT_22270,1,0.30103,Plasmids,8,0.033691,0,0,0,0.002801,0.003762,0.022355,5,0.321751,0.359303,0
PT_22468,PT_22468,2,0.477121,Plasmids,8,0.033691,0,0,0,0.005602,0.003762,0.022355,5,0.321751,0.359303,0
PT_23600,PT_23600,1,0.30103,Plasmids,8,0.033691,0,0,0,0.002801,0.003762,0.022355,5,0.321751,0.359303,0
PT_23643,PT_23643,3,0.60206,Plasmids,8,0.033691,0,0,0,0.008403,0.003762,0.022355,5,0.321751,0.359303,0
PT_25143,PT_25143,2,0.477121,Plasmids,8,0.033691,0,0,0,0.005602,0.003762,0.022355,5,0.321751,0.359303,0
PT_2539,PT_2539,1,0.30103,Plasmids,8,0.033691,0,0,0,0.002801,0.003762,0.022355,5,0.321751,0.359303,0
PT_26400,PT_26400,1,0.30103,Plasmids,8,0.033691,0,0,0,0.002801,0.003762,0.022355,5,0.321751,0.359303,0
PT_3405,PT_3405,1,0.30103,Plasmids,8,0.033691,0,0,0,0.002801,0.003762,0.022355,5,0.321751,0.359303,0
PT_3810,PT_3810,1,0.30103,Plasmids,8,0.033691,0,0,0,0.002801,0.003762,0.022355,5,0.321751,0.359303,0
PT_3904,PT_3904,18,1.278754,Plasmids,8,0.033691,0,0,0,0.05042,0.003762,0.022355,5,0.321751,0.359303,0
PT_4141,PT_4141,1,0.30103,Plasmids,8,0.033691,0,0,0,0.002801,0.003762,0.022355,5,0.321751,0.359303,0
PT_4860,PT_4860,2,0.477121,Plasmids,8,0.037443,0,0,0,0.048256,0.004182,0.02485,5,0.322624,0.36094,21.534931
PT_5396,PT_5396,1,0.30103,Plasmids,8,0.033691,0,0,0,0.002801,0.003762,0.022355,5,0.321751,0.359303,0
PT_5454,PT_5454,1,0.30103,Plasmids,8,0.033691,0,0,0,0.002801,0.003762,0.022355,5,0.321751,0.359303,0
PT_5503,PT_5503,2,0.477121,Plasmids,3,0.03765,0,0,0,0.252801,0.004203,0.02498,5,0.324977,0.363745,59.017808
PT_5968,PT_5968,1,0.30103,Plasmids,8,0.033691,0,0,0,0.002801,0.003762,0.022355,5,0.321751,0.359303,0
PT_6402,PT_6402,1,0.30103,Plasmids,8,0.033691,0,0,0,0.002801,0.003762,0.022355,5,0.321751,0.359303,0
PT_6524,PT_6524,2,0.477121,Plasmids,8,0.033691,0,0,0,0.005602,0.003762,0.022355,5,0.321751,0.359303,0
PT_6563,PT_6563,1,0.30103,Plasmids,8,0.033691,0,0,0,0.002801,0.003762,0.022355,5,0.321751,0.359303,0
PT_6708,PT_6708,2,0.477121,Plasmids,8,0.033691,0,0,0,0.005602,0.003762,0.022355,5,0.321751,0.359303,0
PT_6815,PT_6815,1,0.30103,Plasmids,8,0.033691,0,0,0,0.002801,0.003762,0.022355,5,0.321751,0.359303,0
PT_6852,PT_6852,1,0.30103,Plasmids,8,0.033691,0,0,0,0.002801,0.003762,0.022355,5,0.321751,0.359303,0
PT_6988,PT_6988,1,0.30103,Plasmids,8,0.033691,0,0,0,0.002801,0.003762,0.022355,5,0.321751,0.359303,0
PT_7065,PT_7065,2,0.477121,Plasmids,8,0.033691,0,0,0,0.005602,0.003762,0.022355,5,0.321751,0.359303,0
PT_7111,PT_7111,10,1.041393,Plasmids,8,0.033691,0,0,0,0.028011,0.003762,0.022355,5,0.321751,0.359303,0
PT_7122,PT_7122,1,0.30103,Plasmids,8,0.033691,0,0,0,0.002801,0.003762,0.022355,5,0.321751,0.359303,0
PT_7168,PT_7168,1,0.30103,Plasmids,8,0.033691,0,0,0,0.002801,0.003762,0.022355,5,0.321751,0.359303,0
PT_7177,PT_7177,1,0.30103,Plasmids,8,0.033691,0,0,0,0.002801,0.003762,0.022355,5,0.321751,0.359303,0
PT_7247,PT_7247,1,0.30103,Plasmids,8,0.033691,0,0,0,0.002801,0.003762,0.022355,5,0.321751,0.359303,0
PT_7260,PT_7260,4,0.69897,Plasmids,8,0.037443,0,0,0,0.053858,0.004182,0.02485,5,0.322624,0.36094,21.534931
PT_7541,PT_7541,18,1.278754,Plasmids,8,0.033691,0,0,0,0.05042,0.003762,0.022355,5,0.321751,0.359303,0
PT_7781,PT_7781,16,1.230449,Plasmids,8,0.033691,0,0,0,0.044818,0.003762,0.022355,5,0.321751,0.359303,0
PT_7842,PT_7842,4,0.69897,Plasmids,8,0.033691,0,0,0,0.011204,0.003762,0.022355,5,0.321751,0.359303,0
PT_7996,PT_7996,3,0.60206,Plasmids,1,0.042255,0,0,0,0.026879,0.004722,0.028063,5,0.327365,0.36655,39.55774
PT_8000,PT_8000,11,1.079181,Plasmids,8,0.033691,0,0,0,0.030812,0.003762,0.022355,5,0.321751,0.359303,0
PT_8074,PT_8074,1,0.30103,Plasmids,8,0.033691,0,0,0,0.002801,0.003762,0.022355,5,0.321751,0.359303,0
PT_8249,PT_8249,14,1.176091,Plasmids,8,0.033691,0,0,0,0.039216,0.003762,0.022355,5,0.321751,0.359303,0
PT_8284,PT_8284,2,0.477121,Plasmids,8,0.033691,0,0,0,0.005602,0.003762,0.022355,5,0.321751,0.359303,0
PT_8314,PT_8314,1,0.30103,Plasmids,8,0.033691,0,0,0,0.002801,0.003762,0.022355,5,0.321751,0.359303,0
PT_8321,PT_8321,1,0.30103,Plasmids,8,0.033691,0,0,0,0.002801,0.003762,0.022355,5,0.321751,0.359303,0
PT_8480,PT_8480,1,0.30103,Plasmids,8,0.033691,0,0,0,0.002801,0.003762,0.022355,5,0.321751,0.359303,0
PT_8622,PT_8622,1,0.30103,Plasmids,8,0.033691,0,0,0,0.002801,0.003762,0.022355,5,0.321751,0.359303,0
PT_8780,PT_8780,15,1.20412,Plasmids,8,0.033691,0,0,0,0.042017,0.003762,0.022355,5,0.321751,0.359303,0
PT_8839,PT_8839,2,0.477121,Plasmids,1,0.042255,0,0,0,0.024078,0.004722,0.028063,5,0.327365,0.36655,39.55774
PT_9021,PT_9021,6,0.845098,Plasmids,8,0.033691,0,0,0,0.016807,0.003762,0.022355,5,0.321751,0.359303,0
PT_996,PT_996,6,0.845098,Plasmids,8,0.033691,0,0,0,0.016807,0.003762,0.022355,5,0.321751,0.359303,0
Acinetobacter_tandoii,Acinetobacter_tandoii,5,0.778151,Bacteria,11,0.015287,0,0,0,2.5,0.010164,0.00171,6,0.328571,0.33705,831.981203
PT_17300,PT_17300,1,0.30103,Plasmids,11,0.000641,0,0,0,0.5,0.000071,0.000423,7,0.247398,0.251206,0
Acinetobacter_terrae,Acinetobacter_terrae,4,0.69897,Bacteria,2,0.016282,0,0,0,1.333333,0.010838,0.001824,6,0.322917,0.332165,7.053407
Acinetobacter_terrestris,Acinetobacter_terrestris,10,1.041393,Bacteria,10,0.043827,0,0,0,1.666667,0.02915,0.004905,5,0.336957,0.347148,68.343053
Acinetobacter_tianfuensis,Acinetobacter_tianfuensis,7,0.90309,Bacteria,2,0.023409,0,0,0,7,0.015569,0.00262,6,0.327665,0.338149,36.109533
Acinetobacter_tibetensis,Acinetobacter_tibetensis,1,0.30103,Bacteria,14,0.000006,0,0,0,1,0,0,1,1,1,0
PT_12615,PT_12615,1,0.30103,Plasmids,14,0.000006,0,0,0,1,0,0,1,1,1,0
Acinetobacter_towneri,Acinetobacter_towneri,56,1.755875,Bacteria,8,0.090196,0,0,0,2.545455,0.059968,0.010091,5,0.340822,0.359701,1368.351012
PT_2554,PT_2554,2,0.477121,Plasmids,8,0.003752,0,0,0,0.090909,0.00042,0.002495,6,0.25428,0.260776,0
Acinetobacter_ursingii,Acinetobacter_ursingii,177,2.25042,Bacteria,1,0.206118,0,0,0,3.765957,0.137193,0.023086,4,0.358652,0.39633,6600.405929
PT_12984,PT_12984,1,0.30103,Plasmids,1,0.008564,0,0,0,0.021277,0.000961,0.005709,5,0.264074,0.275432,0
PT_14176,PT_14176,1,0.30103,Plasmids,1,0.008564,0,0,0,0.021277,0.000961,0.005709,5,0.264074,0.275432,0
PT_7754,PT_7754,2,0.477121,Plasmids,1,0.008564,0,0,0,0.042553,0.000961,0.005709,5,0.264074,0.275432,0
Acinetobacter_variabilis,Acinetobacter_variabilis,35,1.556303,Bacteria,10,0.054381,0,0,0,4.375,0.036087,0.006073,5,0.338557,0.358252,5212.28424
PT_12591,PT_12591,2,0.477121,Plasmids,10,0.002279,0,0,0,0.25,0.000253,0.001502,6,0.253016,0.259724,0
PT_13512,PT_13512,1,0.30103,Plasmids,10,0.002279,0,0,0,0.125,0.000253,0.001502,6,0.253016,0.259724,0
PT_1562,PT_1562,1,0.30103,Plasmids,10,0.002279,0,0,0,0.125,0.000253,0.001502,6,0.253016,0.259724,0
PT_16317,PT_16317,1,0.30103,Plasmids,10,0.002279,0,0,0,0.125,0.000253,0.001502,6,0.253016,0.259724,0
PT_1683,PT_1683,1,0.30103,Plasmids,10,0.002279,0,0,0,0.125,0.000253,0.001502,6,0.253016,0.259724,0
PT_17091,PT_17091,1,0.30103,Plasmids,10,0.002279,0,0,0,0.125,0.000253,0.001502,6,0.253016,0.259724,0
Acinetobacter_venetianus,Acinetobacter_venetianus,8,0.954243,Bacteria,12,0.027976,0,0,0,1.6,0.018638,0.003136,6,0.314651,0.328097,723.888821
PT_6568,PT_6568,1,0.30103,Plasmids,12,0.001164,0,0,0,0.2,0.00013,0.000776,7,0.239422,0.245432,0
Acinetobacter_wuhouensis,Acinetobacter_wuhouensis,31,1.50515,Bacteria,3,0.094929,0,0,0,7.75,0.063088,0.010616,5,0.347805,0.370009,4457.130131
PT_22170,PT_22170,1,0.30103,Plasmids,3,0.003958,0,0,0,0.25,0.000442,0.002625,6,0.258146,0.265358,0
PT_5751,PT_5751,1,0.30103,Plasmids,3,0.003958,0,0,0,0.25,0.000442,0.002625,6,0.258146,0.265358,0
PT_8646,PT_8646,1,0.30103,Plasmids,3,0.003958,0,0,0,0.25,0.000442,0.002625,6,0.258146,0.265358,0
PT_8690,PT_8690,1,0.30103,Plasmids,3,0.003958,0,0,0,0.25,0.000442,0.002625,6,0.258146,0.265358,0
